<?xml version="1.0" encoding="utf-8"?>
<COLLADA xmlns="http://www.collada.org/2005/11/COLLADASchema" version="1.4.1" xmlns:xsi="http://www.w3.org/2001/XMLSchema-instance">
  <asset>
    <contributor>
      <author>Blender User</author>
      <authoring_tool>Blender 3.5.1 commit date:2023-04-24, commit time:18:11, hash:e1ccd9d4a1d3</authoring_tool>
    </contributor>
    <created>2026-07-03T12:23:22</created>
    <modified>2026-07-03T12:23:22</modified>
    <unit name="meter" meter="1"/>
    <up_axis>Z_UP</up_axis>
  </asset>
  <library_effects>
    <effect id="Material_002-effect">
      <profile_COMMON>
        <newparam sid="brick_png-surface">
          <surface type="2D">
            <init_from>brick_png</init_from>
          </surface>
        </newparam>
        <newparam sid="brick_png-sampler">
          <sampler2D>
            <source>brick_png-surface</source>
          </sampler2D>
        </newparam>
        <technique sid="common">
          <lambert>
            <emission>
              <color sid="emission">0 0 0 1</color>
            </emission>
            <diffuse>
              <texture texture="brick_png-sampler" texcoord="UVMap"/>
            </diffuse>
            <index_of_refraction>
              <float sid="ior">1.45</float>
            </index_of_refraction>
          </lambert>
        </technique>
      </profile_COMMON>
    </effect>
  </library_effects>
  <library_images>
    <image id="brick_png" name="brick_png">
      <init_from>brick.png</init_from>
    </image>
  </library_images>
  <library_materials>
    <material id="Material_002-material" name="Material.002">
      <instance_effect url="#Material_002-effect"/>
    </material>
  </library_materials>
  <library_geometries>
    <geometry id="Sphere-mesh" name="Sphere">
      <mesh>
        <source id="Sphere-mesh-positions">
          <float_array id="Sphere-mesh-positions-array" count="1446">0 0.5555703 0.8314696 0 0.8314696 0.5555703 0 0.9807853 0.1950903 0 1 0 0 0.9807853 -0.1950903 0 0.8314696 -0.5555703 0.03806018 0.1913417 0.9807853 0.07465779 0.3753303 0.9238795 0.1083863 0.5448951 0.8314696 0.1379497 0.6935199 0.7071068 0.1622117 0.8154931 0.5555703 0.1802399 0.9061274 0.3826835 0.1913417 0.9619397 0.1950903 0.1950903 0.9807853 0 0.1913417 0.9619397 -0.1950903 0.1802399 0.9061274 -0.3826835 0.1622117 0.8154931 -0.5555703 0.1379497 0.6935199 -0.7071068 0.1083863 0.5448951 -0.8314696 0.07465779 0.3753303 -0.9238795 0.03806018 0.1913417 -0.9807853 0.07465779 0.1802399 0.9807853 0.1464466 0.3535534 0.9238795 0.2126075 0.5132799 0.8314696 0.2705981 0.6532815 0.7071068 0.3181896 0.7681776 0.5555703 0.3535534 0.8535534 0.3826835 0.3753303 0.9061274 0.1950903 0.3826834 0.9238795 0 0.3753303 0.9061274 -0.1950903 0.3535534 0.8535534 -0.3826835 0.3181896 0.7681776 -0.5555703 0.2705981 0.6532815 -0.7071068 0.2126075 0.5132799 -0.8314696 0.1464466 0.3535534 -0.9238795 0.07465779 0.1802399 -0.9807853 0.1083863 0.1622116 0.9807853 0.2126075 0.3181896 0.9238795 0.3086583 0.4619397 0.8314696 0.3928475 0.5879378 0.7071068 0.4619397 0.6913416 0.5555703 0.5132799 0.7681777 0.3826835 0.5448951 0.8154931 0.1950903 0.5555703 0.8314695 0 0.5448951 0.8154931 -0.1950903 0.5132799 0.7681777 -0.3826835 0.4619397 0.6913416 -0.5555703 0.3928475 0.5879378 -0.7071068 0.3086583 0.4619397 -0.8314696 0.2126075 0.3181896 -0.9238795 0.1083863 0.1622116 -0.9807853 0.1379497 0.1379497 0.9807853 0.2705981 0.270598 0.9238795 0.3928474 0.3928474 0.8314696 0.5 0.5 0.7071068 0.5879377 0.5879377 0.5555703 0.6532814 0.6532815 0.3826835 0.6935199 0.6935198 0.1950903 0.7071068 0.7071066 0 0.6935199 0.6935198 -0.1950903 0.6532814 0.6532815 -0.3826835 0.5879377 0.5879377 -0.5555703 0.5 0.5 -0.7071068 0.3928474 0.3928474 -0.8314696 0.2705981 0.270598 -0.9238795 0.1379497 0.1379497 -0.9807853 0.1622116 0.1083863 0.9807853 0.3181896 0.2126075 0.9238795 0.4619397 0.3086582 0.8314696 0.5879378 0.3928475 0.7071068 0.6913416 0.4619396 0.5555703 0.7681776 0.51328 0.3826835 0.8154931 0.544895 0.1950903 0.8314695 0.55557 0 0.8154931 0.544895 -0.1950903 0.7681776 0.51328 -0.3826835 0.6913416 0.4619396 -0.5555703 0.5879378 0.3928475 -0.7071068 0.4619397 0.3086582 -0.8314696 0.3181896 0.2126075 -0.9238795 0.1622116 0.1083863 -0.9807853 0 0 1 0.1802399 0.07465779 0.9807853 0.3535534 0.1464465 0.9238795 0.5132799 0.2126075 0.8314696 0.6532815 0.2705981 0.7071068 0.7681776 0.3181895 0.5555703 0.8535533 0.3535534 0.3826835 0.9061273 0.3753302 0.1950903 0.9238794 0.3826832 0 0.9061273 0.3753302 -0.1950903 0.8535533 0.3535534 -0.3826835 0.7681776 0.3181895 -0.5555703 0.6532815 0.2705981 -0.7071068 0.5132799 0.2126075 -0.8314696 0.3535534 0.1464465 -0.9238795 0.1802399 0.07465779 -0.9807853 0.1913416 0.03806018 0.9807853 0.3753302 0.07465779 0.9238795 0.5448951 0.1083863 0.8314696 0.6935199 0.1379497 0.7071068 0.815493 0.1622115 0.5555703 0.9061273 0.18024 0.3826835 0.9619396 0.1913416 0.1950903 0.9807851 0.1950901 0 0.9619396 0.1913416 -0.1950903 0.9061273 0.18024 -0.3826835 0.815493 0.1622115 -0.5555703 0.6935199 0.1379497 -0.7071068 0.5448951 0.1083863 -0.8314696 0.3753302 0.07465779 -0.9238795 0.1913416 0.03806018 -0.9807853 0.1950902 0 0.9807853 0.3826834 0 0.9238795 0.5555701 0 0.8314696 0.7071067 0 0.7071068 0.8314694 0 0.5555703 0.9238795 0 0.3826835 0.9807851 0 0.1950903 0.9999997 -1.63913e-7 0 0.9807851 0 -0.1950903 0.9238795 0 -0.3826835 0.8314694 0 -0.5555703 0.7071067 0 -0.7071068 0.5555701 0 -0.8314696 0.3826834 0 -0.9238795 0.1950902 0 -0.9807853 0.1913416 -0.03806018 0.9807853 0.3753302 -0.07465785 0.9238795 0.544895 -0.1083864 0.8314696 0.6935198 -0.1379497 0.7071068 0.8154929 -0.1622117 0.5555703 0.9061273 -0.1802399 0.3826835 0.9619396 -0.1913418 0.1950903 0.9807849 -0.1950904 0 0.9619396 -0.1913418 -0.1950903 0.9061273 -0.1802399 -0.3826835 0.8154929 -0.1622117 -0.5555703 0.6935198 -0.1379497 -0.7071068 0.544895 -0.1083864 -0.8314696 0.3753302 -0.07465785 -0.9238795 0.1913416 -0.03806018 -0.9807853 0.1802399 -0.07465779 0.9807853 0.3535534 -0.1464466 0.9238795 0.5132798 -0.2126075 0.8314696 0.6532814 -0.270598 0.7071068 0.7681775 -0.3181896 0.5555703 0.8535533 -0.3535533 0.3826835 0.9061272 -0.3753303 0.1950903 0.9238791 -0.3826835 0 0.9061272 -0.3753303 -0.1950903 0.8535533 -0.3535533 -0.3826835 0.7681775 -0.3181896 -0.5555703 0.6532814 -0.270598 -0.7071068 0.5132798 -0.2126075 -0.8314696 0.3535534 -0.1464466 -0.9238795 0.1802399 -0.07465779 -0.9807853 0.1622115 -0.1083863 0.9807853 0.3181896 -0.2126075 0.9238795 0.4619396 -0.3086583 0.8314696 0.5879377 -0.3928474 0.7071068 0.6913415 -0.4619397 0.5555703 0.7681776 -0.5132799 0.3826835 0.8154929 -0.5448951 0.1950903 0.8314691 -0.5555702 0 0.8154929 -0.5448951 -0.1950903 0.7681776 -0.5132799 -0.3826835 0.6913415 -0.4619397 -0.5555703 0.5879377 -0.3928474 -0.7071068 0.4619396 -0.3086583 -0.8314696 0.3181896 -0.2126075 -0.9238795 0.1622115 -0.1083863 -0.9807853 0.1379496 -0.1379496 0.9807853 0.2705979 -0.270598 0.9238795 0.3928472 -0.3928474 0.8314696 0.5 -0.5 0.7071068 0.5879375 -0.5879377 0.5555703 0.6532814 -0.6532813 0.3826835 0.6935197 -0.6935198 0.1950903 0.7071062 -0.7071067 0 0.6935197 -0.6935198 -0.1950903 0.6532814 -0.6532813 -0.3826835 0.5879375 -0.5879377 -0.5555703 0.5 -0.5 -0.7071068 0.3928472 -0.3928474 -0.8314696 0.2705979 -0.270598 -0.9238795 0.1379496 -0.1379496 -0.9807853 0.1083863 -0.1622115 0.9807853 0.2126074 -0.3181896 0.9238795 0.3086581 -0.4619396 0.8314696 0.3928474 -0.5879377 0.7071068 0.4619395 -0.6913415 0.5555703 0.5132799 -0.7681776 0.3826835 0.5448949 -0.815493 0.1950903 0.5555697 -0.8314694 0 0.5448949 -0.815493 -0.1950903 0.5132799 -0.7681776 -0.3826835 0.4619395 -0.6913415 -0.5555703 0.3928474 -0.5879377 -0.7071068 0.3086581 -0.4619396 -0.8314696 0.2126074 -0.3181896 -0.9238795 0.1083863 -0.1622115 -0.9807853 0.07465773 -0.1802398 0.9807853 0.1464465 -0.3535533 0.9238795 0.2126073 -0.5132798 0.8314696 0.270598 -0.6532814 0.7071068 0.3181895 -0.7681775 0.5555703 0.3535534 -0.8535532 0.3826835 0.37533 -0.9061272 0.1950903 0.3826829 -0.9238792 0 0.37533 -0.9061272 -0.1950903 0.3535534 -0.8535532 -0.3826835 0.3181895 -0.7681775 -0.5555703 0.270598 -0.6532814 -0.7071068 0.2126073 -0.5132798 -0.8314696 0.1464465 -0.3535533 -0.9238795 0.07465773 -0.1802398 -0.9807853 0.03806018 -0.1913416 0.9807853 0.07465773 -0.3753302 0.9238795 0.1083862 -0.5448949 0.8314696 0.1379497 -0.6935198 0.7071068 0.1622115 -0.8154929 0.5555703 0.1802399 -0.9061272 0.3826835 0.1913415 -0.9619395 0.1950903 0.1950899 -0.9807848 0 0.1913415 -0.9619395 -0.1950903 0.1802399 -0.9061272 -0.3826835 0.1622115 -0.8154929 -0.5555703 0.1379497 -0.6935198 -0.7071068 0.1083862 -0.5448949 -0.8314696 0.07465773 -0.3753302 -0.9238795 0.03806018 -0.1913416 -0.9807853 0 -0.1950902 0.9807853 0 -0.3826833 0.9238795 0 -0.55557 0.8314696 0 -0.7071067 0.7071068 0 -0.8314693 0.5555703 0 -0.9238793 0.3826835 -1.3411e-7 -0.980785 0.1950903 -3.27826e-7 -0.9999994 0 -1.3411e-7 -0.980785 -0.1950903 0 -0.9238793 -0.3826835 0 -0.8314693 -0.5555703 0 -0.7071067 -0.7071068 0 -0.55557 -0.8314696 0 -0.3826833 -0.9238795 0 -0.1950902 -0.9807853 -0.03806018 -0.1913415 0.9807853 -0.07465785 -0.3753302 0.9238795 -0.1083864 -0.5448948 0.8314696 -0.1379497 -0.6935198 0.7071068 -0.1622117 -0.8154928 0.5555703 -0.1802399 -0.9061272 0.3826835 -0.1913418 -0.9619394 0.1950903 -0.1950905 -0.9807845 0 -0.1913418 -0.9619394 -0.1950903 -0.1802399 -0.9061272 -0.3826835 -0.1622117 -0.8154928 -0.5555703 -0.1379497 -0.6935198 -0.7071068 -0.1083864 -0.5448948 -0.8314696 -0.07465785 -0.3753302 -0.9238795 -0.03806018 -0.1913415 -0.9807853 -0.07465773 -0.1802398 0.9807853 -0.1464466 -0.3535533 0.9238795 -0.2126075 -0.5132796 0.8314696 -0.270598 -0.6532813 0.7071068 -0.3181896 -0.7681774 0.5555703 -0.3535532 -0.8535531 0.3826835 -0.3753303 -0.906127 0.1950903 -0.3826835 -0.9238787 0 -0.3753303 -0.906127 -0.1950903 -0.3535532 -0.8535531 -0.3826835 -0.3181896 -0.7681774 -0.5555703 -0.270598 -0.6532813 -0.7071068 -0.2126075 -0.5132796 -0.8314696 -0.1464466 -0.3535533 -0.9238795 -0.07465773 -0.1802398 -0.9807853 -0.1083863 -0.1622115 0.9807853 -0.2126075 -0.3181895 0.9238795 -0.3086582 -0.4619394 0.8314696 -0.3928474 -0.5879377 0.7071068 -0.4619396 -0.6913414 0.5555703 -0.5132797 -0.7681775 0.3826835 -0.5448951 -0.8154928 0.1950903 -0.5555701 -0.8314688 0 -0.5448951 -0.8154928 -0.1950903 -0.5132797 -0.7681775 -0.3826835 -0.4619396 -0.6913414 -0.5555703 -0.3928474 -0.5879377 -0.7071068 -0.3086582 -0.4619394 -0.8314696 -0.2126075 -0.3181895 -0.9238795 -0.1083863 -0.1622115 -0.9807853 -0.1379495 -0.1379495 0.9807853 -0.270598 -0.2705979 0.9238795 -0.3928473 -0.3928471 0.8314696 -0.4999999 -0.4999999 0.7071068 -0.5879376 -0.5879374 0.5555703 -0.6532812 -0.6532813 0.3826835 -0.6935198 -0.6935195 0.1950903 -0.7071065 -0.7071059 0 -0.6935198 -0.6935195 -0.1950903 -0.6532812 -0.6532813 -0.3826835 -0.5879376 -0.5879374 -0.5555703 -0.4999999 -0.4999999 -0.7071068 -0.3928473 -0.3928471 -0.8314696 -0.270598 -0.2705979 -0.9238795 -0.1379495 -0.1379495 -0.9807853 0 0 -1 -0.1622115 -0.1083862 0.9807853 -0.3181896 -0.2126074 0.9238795 -0.4619395 -0.308658 0.8314696 -0.5879377 -0.3928474 0.7071068 -0.6913415 -0.4619394 0.5555703 -0.7681775 -0.5132798 0.3826835 -0.8154929 -0.5448947 0.1950903 -0.8314691 -0.5555694 0 -0.8154929 -0.5448947 -0.1950903 -0.7681775 -0.5132798 -0.3826835 -0.6913415 -0.4619394 -0.5555703 -0.5879377 -0.3928474 -0.7071068 -0.4619395 -0.308658 -0.8314696 -0.3181896 -0.2126074 -0.9238795 -0.1622115 -0.1083862 -0.9807853 -0.1802398 -0.07465773 0.9807853 -0.3535532 -0.1464465 0.9238795 -0.5132796 -0.2126072 0.8314696 -0.6532813 -0.2705979 0.7071068 -0.7681774 -0.3181893 0.5555703 -0.8535531 -0.3535532 0.3826835 -0.9061272 -0.3753299 0.1950903 -0.9238789 -0.3826827 0 -0.9061272 -0.3753299 -0.1950903 -0.8535531 -0.3535532 -0.3826835 -0.7681774 -0.3181893 -0.5555703 -0.6532813 -0.2705979 -0.7071068 -0.5132796 -0.2126072 -0.8314696 -0.3535532 -0.1464465 -0.9238795 -0.1802398 -0.07465773 -0.9807853 -0.1913415 -0.03806012 0.9807853 -0.3753301 -0.07465773 0.9238795 -0.5448947 -0.1083861 0.8314696 -0.6935198 -0.1379496 0.7071068 -0.8154928 -0.1622114 0.5555703 -0.9061271 -0.1802399 0.3826835 -0.9619394 -0.1913414 0.1950903 -0.9807844 -0.1950896 0 -0.9619394 -0.1913414 -0.1950903 -0.9061271 -0.1802399 -0.3826835 -0.8154928 -0.1622114 -0.5555703 -0.6935198 -0.1379496 -0.7071068 -0.5448947 -0.1083861 -0.8314696 -0.3753301 -0.07465773 -0.9238795 -0.1913415 -0.03806012 -0.9807853 -0.1950901 0 0.9807853 -0.3826832 0 0.9238795 -0.5555698 1.49012e-7 0.8314696 -0.7071066 0 0.7071068 -0.8314692 1.63913e-7 0.5555703 -0.9238792 0 0.3826835 -0.9807848 2.68221e-7 0.1950903 -0.9999991 4.47035e-7 0 -0.9807848 2.68221e-7 -0.1950903 -0.9238792 0 -0.3826835 -0.8314692 1.63913e-7 -0.5555703 -0.7071066 0 -0.7071068 -0.5555698 1.49012e-7 -0.8314696 -0.3826832 0 -0.9238795 -0.1950901 0 -0.9807853 -0.1913415 0.03806018 0.9807853 -0.3753301 0.07465785 0.9238795 -0.5448946 0.1083864 0.8314696 -0.6935197 0.1379497 0.7071068 -0.8154926 0.1622117 0.5555703 -0.906127 0.1802399 0.3826835 -0.9619392 0.1913419 0.1950903 -0.9807842 0.1950905 0 -0.9619392 0.1913419 -0.1950903 -0.906127 0.1802399 -0.3826835 -0.8154926 0.1622117 -0.5555703 -0.6935197 0.1379497 -0.7071068 -0.5448946 0.1083864 -0.8314696 -0.3753301 0.07465785 -0.9238795 -0.1913415 0.03806018 -0.9807853 -0.1802397 0.07465773 0.9807853 -0.3535532 0.1464465 0.9238795 -0.5132794 0.2126075 0.8314696 -0.6532813 0.270598 0.7071068 -0.7681772 0.3181896 0.5555703 -0.853553 0.3535532 0.3826835 -0.9061269 0.3753303 0.1950903 -0.9238784 0.3826835 0 -0.9061269 0.3753303 -0.1950903 -0.853553 0.3535532 -0.3826835 -0.7681772 0.3181896 -0.5555703 -0.6532813 0.270598 -0.7071068 -0.5132794 0.2126075 -0.8314696 -0.3535532 0.1464465 -0.9238795 -0.1802397 0.07465773 -0.9807853 -0.1622115 0.1083863 0.9807853 -0.3181895 0.2126075 0.9238795 -0.4619392 0.3086581 0.8314696 -0.5879376 0.3928474 0.7071068 -0.6913412 0.4619396 0.5555703 -0.7681774 0.5132797 0.3826835 -0.8154926 0.5448951 0.1950903 -0.8314685 0.5555701 0 -0.8154926 0.5448951 -0.1950903 -0.7681774 0.5132797 -0.3826835 -0.6913412 0.4619396 -0.5555703 -0.5879376 0.3928474 -0.7071068 -0.4619392 0.3086581 -0.8314696 -0.3181895 0.2126075 -0.9238795 -0.1622115 0.1083863 -0.9807853 -0.1379495 0.1379495 0.9807853 -0.2705979 0.2705979 0.9238795 -0.392847 0.3928472 0.8314696 -0.4999998 0.4999999 0.7071068 -0.5879372 0.5879375 0.5555703 -0.6532812 0.6532812 0.3826835 -0.6935194 0.6935197 0.1950903 -0.7071057 0.7071064 0 -0.6935194 0.6935197 -0.1950903 -0.6532812 0.6532812 -0.3826835 -0.5879372 0.5879375 -0.5555703 -0.4999998 0.4999999 -0.7071068 -0.392847 0.3928472 -0.8314696 -0.2705979 0.2705979 -0.9238795 -0.1379495 0.1379495 -0.9807853 -0.1083862 0.1622115 0.9807853 -0.2126073 0.3181895 0.9238795 -0.3086578 0.4619394 0.8314696 -0.3928473 0.5879377 0.7071068 -0.4619393 0.6913414 0.5555703 -0.5132797 0.7681774 0.3826835 -0.5448946 0.8154928 0.1950903 -0.5555692 0.8314689 0 -0.5448946 0.8154928 -0.1950903 -0.5132797 0.7681774 -0.3826835 -0.4619393 0.6913414 -0.5555703 -0.3928473 0.5879377 -0.7071068 -0.3086578 0.4619394 -0.8314696 -0.2126073 0.3181895 -0.9238795 -0.1083862 0.1622115 -0.9807853 -0.07465773 0.1802397 0.9807853 -0.1464465 0.3535532 0.9238795 -0.2126071 0.5132795 0.8314696 -0.2705979 0.6532813 0.7071068 -0.3181892 0.7681773 0.5555703 -0.3535532 0.853553 0.3826835 -0.3753298 0.906127 0.1950903 -0.3826826 0.9238786 0 -0.3753298 0.906127 -0.1950903 -0.3535532 0.853553 -0.3826835 -0.3181892 0.7681773 -0.5555703 -0.2705979 0.6532813 -0.7071068 -0.2126071 0.5132795 -0.8314696 -0.1464465 0.3535532 -0.9238795 -0.07465773 0.1802397 -0.9807853 -0.03806012 0.1913415 0.9807853 -0.07465773 0.3753301 0.9238795 -0.108386 0.5448945 0.8314696 -0.1379495 0.6935198 0.7071068 -0.1622113 0.8154926 0.5555703 -0.1802398 0.906127 0.3826835 -0.1913413 0.9619392 0.1950903 -0.1950896 0.9807842 0 -0.1913413 0.9619392 -0.1950903 -0.1802398 0.906127 -0.3826835 -0.1622113 0.8154926 -0.5555703 -0.1379495 0.6935198 -0.7071068 -0.108386 0.5448945 -0.8314696 -0.07465773 0.3753301 -0.9238795 -0.03806012 0.1913415 -0.9807853 0 0.1950901 0.9807853 0 0.3826832 0.9238795 0 0.7071066 0.7071068 0 0.923879 0.3826835 0 0.923879 -0.3826835 0 0.7071066 -0.7071068 2.16067e-7 0.5555695 -0.8314696 0 0.3826832 -0.9238795 0 0.1950901 -0.9807853</float_array>
          <technique_common>
            <accessor source="#Sphere-mesh-positions-array" count="482" stride="3">
              <param name="X" type="float"/>
              <param name="Y" type="float"/>
              <param name="Z" type="float"/>
            </accessor>
          </technique_common>
        </source>
        <source id="Sphere-mesh-normals">
          <float_array id="Sphere-mesh-normals-array" count="5526">0.0623604 0.6331588 0.7715058 0.06236052 0.6331588 0.7715059 0.06236022 0.6331588 0.7715058 0.07591468 0.7707796 -0.6325629 0.07591491 0.7707795 -0.632563 0.0759142 0.7707799 -0.6325626 0.07591468 0.7707796 0.6325629 0.07591491 0.7707795 0.632563 0.07591533 0.7707793 0.6325632 0.06235903 0.6331583 -0.7715064 0.06235796 0.6331579 -0.7715067 0.06235659 0.6331574 -0.7715073 0.08653479 0.8786137 0.4696274 0.08653497 0.8786137 0.4696273 0.0865336 0.8786136 0.4696276 0.04637616 0.4708902 -0.880972 0.04637676 0.4708902 -0.8809721 0.04637718 0.4708902 -0.880972 0.0938335 0.9527179 0.289005 0.09383338 0.9527179 0.2890051 0.09383481 0.9527181 0.289004 0.02857804 0.2901663 -0.9565495 0.02857804 0.2901662 -0.9565495 0.02857804 0.2901661 -0.9565495 0.09754979 0.9904383 0.09754979 0.09754985 0.9904384 0.09754979 0.09754979 0.9904385 0.09754937 0.009653866 0.0980128 0.9951384 0.009655773 0.0980128 -0.9951384 0.09754985 0.9904384 -0.09754979 0.09754979 0.9904384 -0.09754979 0.09754985 0.9904383 -0.09755003 0.02857804 0.2901663 0.9565495 0.02857804 0.2901662 0.9565495 0.02857804 0.2901663 0.9565495 0.0938335 0.9527179 -0.289005 0.09383338 0.9527179 -0.2890051 0.09383207 0.9527177 -0.2890061 0.0463792 0.4708895 0.8809723 0.04637795 0.470889 0.8809726 0.04637992 0.4708897 0.8809722 0.08653479 0.8786137 -0.4696274 0.08653497 0.8786137 -0.4696273 0.08653622 0.8786136 -0.469627 0.2778976 0.9161058 -0.2890036 0.2778976 0.9161058 -0.2890036 0.2778976 0.9161056 -0.2890045 0.1373535 0.4527934 0.8809723 0.1373536 0.4527934 0.8809723 0.1373537 0.4527933 0.8809723 0.2562822 0.8448483 -0.4696283 0.2562822 0.8448484 -0.4696284 0.2562825 0.8448483 -0.4696284 0.1846858 0.6088266 0.7715059 0.1846857 0.6088268 0.7715059 0.1846856 0.6088269 0.7715057 0.2248284 0.7411591 -0.6325626 0.2248284 0.7411592 -0.6325625 0.2248283 0.7411587 -0.6325631 0.2248284 0.7411591 0.6325626 0.2248284 0.7411592 0.6325625 0.2248286 0.7411595 0.6325621 0.1846858 0.6088266 -0.7715059 0.1846857 0.6088268 -0.7715059 0.184686 0.6088264 -0.771506 0.2562822 0.8448483 0.4696283 0.2562822 0.8448484 0.4696284 0.256282 0.8448484 0.4696283 0.1373535 0.4527934 -0.8809723 0.1373536 0.4527934 -0.8809723 0.1373534 0.4527935 -0.8809723 0.2778976 0.9161058 0.2890036 0.2778976 0.9161058 0.2890036 0.2778977 0.9161061 0.2890028 0.08463853 0.2790151 -0.9565495 0.08463644 0.2790151 -0.9565497 0.08463573 0.2790151 -0.9565498 0.2889003 0.9523764 0.09755033 0.2889003 0.9523763 0.09755033 0.2889004 0.9523763 0.09755015 0.02859026 0.09424608 0.9951383 0.02858823 0.09424614 -0.9951384 0.2889003 0.9523764 -0.09755033 0.2889003 0.9523763 -0.09755033 0.2889001 0.9523764 -0.09755009 0.08463764 0.2790151 0.9565497 0.08463728 0.2790151 0.9565496 0.08463722 0.2790151 0.9565496 0.2230492 0.4172969 -0.8809725 0.2230498 0.4172968 -0.8809723 0.2230486 0.4172968 -0.8809726 0.4512811 0.8442879 0.289004 0.4512811 0.8442879 0.289004 0.4512811 0.8442878 0.2890045 0.1374453 0.2571416 -0.9565496 0.1374449 0.257142 -0.9565495 0.1374454 0.2571414 -0.9565496 0.4691487 0.8777151 0.09754908 0.4691487 0.8777151 0.09754908 0.4691489 0.8777149 0.09754961 0.04642421 0.08685773 0.9951385 0.04642468 0.08685773 -0.9951384 0.4691487 0.8777151 -0.09754908 0.4691487 0.8777151 -0.09754908 0.4691485 0.8777152 -0.09754848 0.1374453 0.2571416 0.9565496 0.1374449 0.257142 0.9565495 0.1374448 0.257142 0.9565495 0.4512811 0.8442879 -0.289004 0.4512811 0.8442879 -0.289004 0.4512813 0.844288 -0.2890035 0.2230492 0.4172969 0.8809725 0.2230498 0.4172968 0.8809723 0.2230502 0.4172969 0.8809723 0.4161794 0.7786165 -0.4696289 0.4161794 0.7786164 -0.4696288 0.2999131 0.5610976 0.7715063 0.2999129 0.5610977 0.7715062 0.2999128 0.5610978 0.7715061 0.3651014 0.6830565 -0.6325621 0.3651014 0.6830566 -0.6325621 0.3651014 0.6830565 -0.6325622 0.3651014 0.6830565 0.6325621 0.3651014 0.6830566 0.6325621 0.3651014 0.6830566 0.632562 0.2999131 0.5610976 -0.7715063 0.2999129 0.5610977 -0.7715062 0.2999132 0.5610974 -0.7715063 0.4161794 0.7786165 0.4696289 0.4161792 0.7786164 0.4696289 0.5600832 0.6824629 -0.4696288 0.5600832 0.682463 -0.4696288 0.5600831 0.6824627 -0.4696292 0.4036152 0.4918062 0.771506 0.4036151 0.4918063 0.771506 0.4036151 0.4918063 0.7715061 0.4913435 0.5987043 -0.6325622 0.4913435 0.5987042 -0.6325621 0.4913436 0.5987042 -0.6325621 0.4913435 0.5987043 0.6325622 0.4913435 0.5987042 0.6325621 0.4913434 0.5987042 0.6325622 0.4036152 0.4918062 -0.771506 0.4036151 0.4918063 -0.771506 0.4036152 0.4918062 -0.771506 0.5600832 0.6824629 0.4696288 0.5600832 0.682463 0.4696288 0.5600832 0.6824632 0.4696283 0.300174 0.3657637 -0.8809725 0.3001751 0.3657636 -0.8809722 0.3001732 0.3657637 -0.8809728 0.6073226 0.7400243 0.2890039 0.6073226 0.7400243 0.2890039 0.6073226 0.7400245 0.2890037 0.1849709 0.2253866 -0.9565494 0.1849709 0.2253866 -0.9565493 0.1849708 0.2253866 -0.9565494 0.6313679 0.7693236 0.09754949 0.6313679 0.7693237 0.09754949 0.6313682 0.7693234 0.09754937 0.06248074 0.07613146 0.9951383 0.06248223 0.0761314 -0.9951382 0.6313679 0.7693236 -0.09754949 0.6313679 0.7693237 -0.09754949 0.6313676 0.7693237 -0.09754961 0.1849709 0.2253866 0.9565494 0.1849709 0.2253866 0.9565493 0.184971 0.2253867 0.9565494 0.6073226 0.7400243 -0.2890039 0.6073226 0.7400243 -0.2890039 0.6073226 0.7400242 -0.2890041 0.300174 0.3657637 0.8809725 0.3001751 0.3657636 0.8809722 0.3001757 0.3657636 0.880972 0.2253865 0.18497 -0.9565496 0.2253848 0.1849702 -0.9565499 0.2253843 0.1849702 -0.9565501 0.769324 0.6313675 0.09754943 0.769324 0.6313675 0.09754937 0.7693243 0.6313671 0.09754955 0.07612884 0.06247949 0.9951385 0.07612985 0.06247949 -0.9951385 0.769324 0.6313675 -0.09754943 0.769324 0.6313675 -0.09754937 0.7693235 0.6313679 -0.09754925 0.2253865 0.18497 0.9565496 0.2253848 0.1849702 0.9565499 0.2253867 0.18497 0.9565495 0.7400246 0.6073224 -0.2890038 0.7400246 0.6073225 -0.2890038 0.7400243 0.6073226 -0.289004 0.3657643 0.3001747 0.880972 0.3657643 0.3001747 0.8809721 0.6824631 0.560083 -0.4696286 0.6824631 0.5600831 -0.4696286 0.6824633 0.5600827 -0.4696288 0.4918058 0.4036151 0.7715063 0.4918059 0.403615 0.7715063 0.491806 0.403615 0.7715063 0.5987039 0.4913438 -0.6325622 0.598704 0.4913436 -0.6325623 0.5987045 0.491343 -0.6325623 0.5987039 0.4913438 0.6325622 0.598704 0.4913436 0.6325623 0.5987035 0.4913444 0.6325622 0.4918058 0.4036151 -0.7715063 0.4918059 0.403615 -0.7715063 0.4918057 0.4036151 -0.7715064 0.6824631 0.560083 0.4696286 0.6824631 0.5600831 0.4696286 0.6824629 0.5600834 0.4696285 0.3657643 0.3001747 -0.880972 0.3657643 0.3001747 -0.8809721 0.3657642 0.3001747 -0.8809721 0.7400246 0.6073224 0.2890038 0.7400246 0.6073225 0.2890038 0.7400249 0.6073222 0.2890036 0.5610977 0.2999131 0.771506 0.561098 0.2999129 0.7715059 0.5610983 0.2999128 0.7715057 0.6830564 0.3651012 -0.6325625 0.6830564 0.365101 -0.6325625 0.6830565 0.3651008 -0.6325625 0.6830564 0.3651012 0.6325625 0.6830564 0.365101 0.6325625 0.6830563 0.3651014 0.6325624 0.5610977 0.2999131 -0.771506 0.561098 0.2999129 -0.7715059 0.5610973 0.2999133 -0.7715063 0.7786166 0.4161791 0.4696288 0.7786166 0.4161793 0.4696288 0.7786165 0.41618 0.4696284 0.4172966 0.2230498 -0.8809724 0.4172967 0.2230498 -0.8809724 0.4172965 0.2230498 -0.8809725 0.8442881 0.451281 0.2890037 0.8442881 0.451281 0.2890037 0.8442884 0.4512807 0.2890035 0.2571418 0.1374452 -0.9565496 0.2571426 0.1374449 -0.9565494 0.2571415 0.1374453 -0.9565496 0.8777153 0.4691482 0.09754925 0.8777154 0.4691481 0.0975492 0.08685719 0.04642635 0.9951385 0.08685821 0.04642635 -0.9951384 0.8777153 0.4691482 -0.09754925 0.8777152 0.4691484 -0.09754931 0.2571418 0.1374452 0.9565496 0.2571426 0.1374449 0.9565494 0.2571428 0.1374449 0.9565494 0.8442881 0.451281 -0.2890037 0.8442881 0.451281 -0.2890037 0.8442877 0.4512814 -0.289004 0.4172966 0.2230498 0.8809724 0.4172967 0.2230498 0.8809724 0.4172968 0.2230498 0.8809724 0.7786166 0.4161791 -0.4696288 0.7786166 0.4161793 -0.4696288 0.7786167 0.4161785 -0.4696292 0.9523764 0.2889003 0.09754925 0.9523764 0.2889003 0.09754925 0.9523763 0.2889008 0.09754914 0.09424543 0.02858924 0.9951385 0.09424543 0.02858924 -0.9951385 0.9523764 0.2889003 -0.09754925 0.9523764 0.2889003 -0.09754925 0.9523765 0.2888998 -0.09754931 0.2790155 0.08463823 0.9565494 0.2790155 0.08463823 0.9565495 0.2790154 0.08463823 0.9565494 0.9161058 0.2778977 -0.2890035 0.9161058 0.2778977 -0.2890035 0.9161058 0.277898 -0.2890036 0.4527937 0.1373533 0.8809722 0.4527933 0.1373531 0.8809725 0.452794 0.1373533 0.880972 0.8448482 0.2562821 -0.4696287 0.8448482 0.2562822 -0.4696288 0.8448483 0.2562818 -0.4696287 0.6088266 0.1846857 0.771506 0.6088266 0.1846854 0.7715061 0.6088265 0.184685 0.7715062 0.7411595 0.2248283 -0.6325621 0.7411596 0.2248283 -0.6325621 0.7411596 0.2248284 -0.632562 0.7411595 0.2248283 0.6325621 0.7411596 0.2248283 0.6325621 0.7411594 0.2248283 0.6325622 0.6088266 0.1846857 -0.771506 0.6088266 0.1846854 -0.7715061 0.6088266 0.1846861 -0.7715058 0.8448482 0.2562821 0.4696287 0.8448482 0.2562822 0.4696288 0.844848 0.2562825 0.4696288 0.4527937 0.1373533 -0.8809722 0.4527933 0.1373531 -0.8809725 0.452793 0.1373531 -0.8809726 0.9161058 0.2778977 0.2890035 0.9161058 0.2778977 0.2890035 0.9161059 0.2778975 0.2890035 0.2790149 0.08463817 -0.9565496 0.2790167 0.08463835 -0.9565491 0.2790174 0.08463841 -0.9565488 0.77078 0.07591491 -0.6325623 0.7707802 0.07591468 -0.6325622 0.7707805 0.07591414 -0.6325619 0.77078 0.07591491 0.6325623 0.7707802 0.07591468 0.6325622 0.7707798 0.07591539 0.6325626 0.6331586 0.06236046 -0.771506 0.6331583 0.06236034 -0.7715062 0.6331588 0.06236064 -0.7715058 0.8786128 0.08653563 0.4696288 0.8786128 0.08653569 0.4696288 0.8786128 0.08653587 0.4696288 0.4708896 0.04637837 -0.8809723 0.4708893 0.04637849 -0.8809724 0.4708897 0.04637825 -0.8809722 0.9527183 0.09383428 0.2890036 0.9527183 0.09383434 0.2890036 0.9527183 0.09383404 0.2890034 0.2901661 0.02857899 -0.9565495 0.2901655 0.02857893 -0.9565497 0.2901653 0.02857887 -0.9565497 0.9904385 0.09754937 0.09754908 0.9904385 0.09754937 0.09754908 0.9904385 0.09754943 0.09754884 0.09801292 0.009653389 0.9951384 0.09801292 0.009653389 -0.9951384 0.9904385 0.09754937 -0.09754908 0.9904385 0.09754937 -0.09754908 0.9904384 0.09754931 -0.0975492 0.290166 0.02857923 0.9565495 0.2901659 0.02857887 0.9565496 0.2901658 0.02857875 0.9565496 0.9527183 0.09383428 -0.2890036 0.9527183 0.09383434 -0.2890036 0.9527183 0.09383463 -0.2890037 0.4708896 0.04637837 0.8809723 0.4708893 0.04637849 0.8809724 0.4708892 0.04637855 0.8809725 0.8786128 0.08653563 -0.4696288 0.8786128 0.08653569 -0.4696288 0.8786128 0.08653551 -0.4696288 0.6331586 0.06236046 0.771506 0.6331583 0.06236034 0.7715062 0.6331582 0.06236022 0.7715063 0.09801292 -0.009653389 0.9951384 0.09801292 -0.009653389 -0.9951384 0.9904384 -0.09755015 -0.09754884 0.9904385 -0.09755015 -0.09754884 0.9904384 -0.09755009 -0.09754896 0.2901661 -0.02857887 0.9565495 0.2901656 -0.02857923 0.9565497 0.2901663 -0.02857875 0.9565495 0.9527183 -0.09383475 -0.2890036 0.9527182 -0.09383469 -0.2890036 0.9527183 -0.09383463 -0.2890037 0.4708895 -0.04637849 0.8809723 0.4708895 -0.04637837 0.8809724 0.4708896 -0.04637855 0.8809723 0.8786128 -0.08653569 -0.469629 0.8786127 -0.08653569 -0.4696289 0.8786128 -0.08653551 -0.469629 0.6331585 -0.06236112 0.771506 0.6331587 -0.06236094 0.771506 0.6331589 -0.0623607 0.7715057 0.7707801 -0.07591563 -0.6325623 0.7707801 -0.07591551 -0.6325622 0.7707801 -0.07591527 -0.6325622 0.7707801 -0.07591563 0.6325623 0.7707801 -0.07591551 0.6325622 0.7707799 -0.07591581 0.6325623 0.6331585 -0.06236112 -0.771506 0.6331587 -0.06236094 -0.771506 0.6331582 -0.06236135 -0.7715062 0.8786128 -0.08653569 0.469629 0.8786127 -0.08653569 0.4696289 0.8786128 -0.08653587 0.4696289 0.4708895 -0.04637849 -0.8809723 0.4708895 -0.04637837 -0.8809724 0.4708893 -0.04637831 -0.8809724 0.9527183 -0.09383475 0.2890036 0.9527182 -0.09383469 0.2890036 0.9527183 -0.09383481 0.2890034 0.2901661 -0.02857887 -0.9565495 0.2901656 -0.02857923 -0.9565497 0.2901653 -0.02857941 -0.9565498 0.9904384 -0.09755015 0.09754884 0.9904385 -0.09755015 0.09754884 0.9904384 -0.09755021 0.09754872 0.7411593 -0.2248281 0.6325624 0.7411593 -0.224828 0.6325624 0.7411593 -0.2248281 0.6325624 0.6088263 -0.1846857 -0.7715063 0.6088266 -0.1846854 -0.771506 0.6088258 -0.1846861 -0.7715065 0.8448481 -0.2562821 0.4696288 0.8448482 -0.2562822 0.4696288 0.8448482 -0.2562825 0.4696286 0.4527937 -0.1373536 -0.8809722 0.4527932 -0.1373537 -0.8809723 0.4527939 -0.1373535 -0.880972 0.9161059 -0.2778974 0.2890036 0.916106 -0.2778974 0.2890036 0.9161058 -0.2778975 0.2890035 0.2790154 -0.08463847 -0.9565494 0.2790155 -0.08463829 -0.9565495 0.2790155 -0.08463823 -0.9565494 0.9523764 -0.2889004 0.09754866 0.9523766 -0.2889001 0.0975486 0.09424448 -0.02858924 0.9951385 0.09424543 -0.02858924 -0.9951384 0.9523764 -0.2889004 -0.09754866 0.9523764 -0.2889006 -0.09754878 0.2790154 -0.08463847 0.9565494 0.2790154 -0.08463835 0.9565494 0.2790154 -0.08463835 0.9565494 0.9161059 -0.2778974 -0.2890036 0.916106 -0.2778974 -0.2890036 0.916106 -0.2778972 -0.2890037 0.4527937 -0.1373536 0.8809722 0.4527932 -0.1373537 0.8809723 0.452793 -0.1373537 0.8809725 0.8448481 -0.2562821 -0.4696288 0.8448482 -0.2562822 -0.4696288 0.8448482 -0.2562817 -0.4696289 0.6088263 -0.1846857 0.7715063 0.6088266 -0.1846854 0.771506 0.6088271 -0.184685 0.7715057 0.7411593 -0.2248281 -0.6325624 0.7411593 -0.224828 -0.6325624 0.7411594 -0.224828 -0.6325624 0.877715 -0.4691491 -0.09754854 0.877715 -0.4691491 -0.09754854 0.8777149 -0.4691492 -0.09754872 0.2571403 -0.1374453 0.95655 0.2571423 -0.1374452 0.9565494 0.2571427 -0.1374451 0.9565493 0.8442879 -0.4512816 -0.2890035 0.8442878 -0.4512815 -0.2890034 0.8442876 -0.4512822 -0.2890033 0.4172969 -0.2230499 0.8809723 0.4172971 -0.22305 0.8809722 0.4172971 -0.22305 0.8809721 0.7786164 -0.4161792 -0.4696291 0.7786164 -0.4161794 -0.4696289 0.7786166 -0.4161787 -0.4696291 0.5610975 -0.2999131 0.7715061 0.5610975 -0.299913 0.7715063 0.5610974 -0.2999129 0.7715063 0.6830565 -0.3651012 -0.6325623 0.6830565 -0.3651012 -0.6325622 0.6830566 -0.3651013 -0.6325621 0.6830565 -0.3651012 0.6325623 0.6830565 -0.3651012 0.6325622 0.6830565 -0.3651011 0.6325624 0.5610975 -0.2999131 -0.7715061 0.5610975 -0.299913 -0.7715063 0.5610976 -0.2999132 -0.7715061 0.7786164 -0.4161792 0.4696291 0.7786164 -0.4161794 0.4696289 0.7786163 -0.4161798 0.4696289 0.4172969 -0.2230499 -0.8809723 0.4172971 -0.22305 -0.8809722 0.4172967 -0.2230499 -0.8809723 0.8442879 -0.4512816 0.2890035 0.8442878 -0.4512815 0.2890034 0.8442882 -0.4512808 0.2890037 0.2571403 -0.1374453 -0.95655 0.2571423 -0.1374452 -0.9565494 0.2571396 -0.1374453 -0.95655 0.877715 -0.4691491 0.09754854 0.877715 -0.4691491 0.09754854 0.8777151 -0.4691489 0.09754836 0.08685725 -0.04642647 0.9951384 0.08685827 -0.04642647 -0.9951384 0.491806 -0.403615 -0.7715063 0.491806 -0.4036149 -0.7715063 0.491806 -0.4036151 -0.7715062 0.6824629 -0.5600833 0.4696287 0.6824629 -0.5600833 0.4696286 0.6824629 -0.5600833 0.4696287 0.3657636 -0.3001748 -0.8809723 0.365764 -0.3001749 -0.8809721 0.3657633 -0.3001748 -0.8809725 0.7400244 -0.6073227 0.2890036 0.7400244 -0.6073228 0.2890037 0.7400244 -0.6073228 0.2890033 0.2253857 -0.1849703 -0.9565497 0.2253866 -0.1849702 -0.9565495 0.2253854 -0.1849703 -0.9565498 0.7693238 -0.6313677 0.09754848 0.7693238 -0.6313677 0.09754848 0.7693238 -0.6313679 0.09754848 0.0761289 -0.06247949 0.9951385 0.07612991 -0.06247949 -0.9951385 0.7693238 -0.6313677 -0.09754848 0.7693238 -0.6313677 -0.09754848 0.769324 -0.6313676 -0.09754854 0.2253857 -0.1849703 0.9565497 0.2253866 -0.1849702 0.9565495 0.2253867 -0.1849702 0.9565495 0.7400244 -0.6073227 -0.2890036 0.7400244 -0.6073228 -0.2890037 0.7400243 -0.6073226 -0.289004 0.3657636 -0.3001748 0.8809723 0.365764 -0.3001749 0.8809721 0.3657643 -0.300175 0.8809719 0.6824629 -0.5600833 -0.4696287 0.6824629 -0.5600833 -0.4696286 0.6824629 -0.5600834 -0.4696287 0.491806 -0.403615 0.7715063 0.491806 -0.4036149 0.7715063 0.491806 -0.4036148 0.7715063 0.5987039 -0.491344 -0.6325621 0.5987039 -0.491344 -0.6325621 0.598704 -0.4913437 -0.6325622 0.5987039 -0.491344 0.6325621 0.5987039 -0.491344 0.6325621 0.5987038 -0.4913442 0.6325621 0.6073226 -0.7400245 -0.2890036 0.6073226 -0.7400246 -0.2890035 0.6073229 -0.7400245 -0.289003 0.3001748 -0.3657639 0.8809721 0.3001745 -0.365764 0.8809722 0.3001751 -0.365764 0.8809721 0.5600829 -0.682463 -0.469629 0.560083 -0.682463 -0.469629 0.5600829 -0.6824631 -0.469629 0.4036152 -0.4918061 0.771506 0.4036149 -0.4918062 0.7715062 0.4036145 -0.4918063 0.7715064 0.4913435 -0.5987042 -0.6325622 0.4913435 -0.598704 -0.6325624 0.4913436 -0.5987036 -0.6325628 0.4913435 -0.5987042 0.6325622 0.4913435 -0.598704 0.6325624 0.4913434 -0.5987045 0.6325619 0.4036152 -0.4918061 -0.771506 0.4036149 -0.4918062 -0.7715062 0.4036158 -0.491806 -0.7715058 0.5600829 -0.682463 0.469629 0.560083 -0.682463 0.469629 0.560083 -0.6824629 0.4696291 0.3001748 -0.3657639 -0.8809721 0.3001745 -0.365764 -0.8809722 0.3001742 -0.365764 -0.8809723 0.6073226 -0.7400245 0.2890036 0.6073226 -0.7400246 0.2890035 0.6073223 -0.7400245 0.289004 0.1849698 -0.2253867 -0.9565496 0.1849709 -0.2253864 -0.9565494 0.1849712 -0.2253863 -0.9565494 0.6313673 -0.7693242 0.09754842 0.6313673 -0.7693243 0.09754842 0.6313675 -0.7693241 0.09754842 0.0624808 -0.07613146 0.9951382 0.06248229 -0.07613146 -0.9951382 0.6313673 -0.7693242 -0.09754842 0.6313673 -0.7693243 -0.09754842 0.6313672 -0.7693244 -0.09754848 0.1849698 -0.2253867 0.9565496 0.1849709 -0.2253864 0.9565494 0.1849696 -0.2253868 0.9565497 0.2230489 -0.4172972 -0.8809724 0.2230489 -0.4172971 -0.8809723 0.2230489 -0.4172973 -0.8809723 0.451281 -0.8442882 0.2890033 0.451281 -0.8442882 0.2890033 0.4512811 -0.8442882 0.2890031 0.1374452 -0.2571418 -0.9565495 0.1374444 -0.257142 -0.9565496 0.1374455 -0.2571418 -0.9565495 0.4691483 -0.8777154 0.09754848 0.4691482 -0.8777154 0.09754848 0.4691482 -0.8777154 0.09754842 0.04642426 -0.08685779 0.9951385 0.04642474 -0.08685779 -0.9951384 0.4691483 -0.8777154 -0.09754848 0.4691482 -0.8777154 -0.09754848 0.4691483 -0.8777154 -0.09754848 0.1374452 -0.2571418 0.9565495 0.1374444 -0.257142 0.9565496 0.1374443 -0.257142 0.9565497 0.451281 -0.8442882 -0.2890033 0.451281 -0.8442882 -0.2890033 0.4512809 -0.8442882 -0.2890034 0.2230489 -0.4172972 0.8809724 0.2230489 -0.4172971 0.8809723 0.223049 -0.4172971 0.8809725 0.4161791 -0.7786166 -0.4696288 0.4161791 -0.7786166 -0.4696288 0.416179 -0.7786167 -0.4696288 0.2999125 -0.5610979 0.7715061 0.2999128 -0.5610979 0.771506 0.299913 -0.5610979 0.771506 0.3651012 -0.6830564 -0.6325623 0.3651013 -0.6830564 -0.6325623 0.3651015 -0.6830564 -0.6325622 0.3651012 -0.6830564 0.6325623 0.3651013 -0.6830564 0.6325623 0.3651011 -0.6830565 0.6325624 0.2999125 -0.5610979 -0.7715061 0.2999128 -0.5610979 -0.771506 0.2999122 -0.5610979 -0.7715063 0.4161791 -0.7786166 0.4696288 0.4161791 -0.7786166 0.4696288 0.4161792 -0.7786166 0.4696288 0.1373535 -0.4527937 0.8809721 0.1373534 -0.4527939 0.8809721 0.1373533 -0.4527939 0.880972 0.2562818 -0.8448483 -0.4696286 0.2562818 -0.8448483 -0.4696285 0.256282 -0.8448482 -0.4696288 0.1846853 -0.6088262 0.7715065 0.1846854 -0.6088261 0.7715064 0.1846854 -0.608826 0.7715066 0.2248284 -0.7411597 -0.6325618 0.2248284 -0.7411597 -0.6325619 0.2248286 -0.7411596 -0.6325619 0.2248284 -0.7411597 0.6325618 0.2248284 -0.7411597 0.6325619 0.2248283 -0.7411599 0.6325618 0.1846853 -0.6088262 -0.7715065 0.1846854 -0.6088261 -0.7715064 0.1846852 -0.6088262 -0.7715063 0.2562818 -0.8448483 0.4696286 0.2562818 -0.8448483 0.4696285 0.2562817 -0.8448485 0.4696283 0.1373535 -0.4527937 -0.8809721 0.1373534 -0.4527939 -0.8809721 0.1373536 -0.4527937 -0.8809722 0.2778975 -0.9161061 0.2890032 0.2778975 -0.916106 0.2890032 0.2778975 -0.9161062 0.2890027 0.08463805 -0.2790152 -0.9565495 0.08463889 -0.2790152 -0.9565494 0.08463776 -0.2790152 -0.9565496 0.2888998 -0.9523766 0.09754866 0.2888998 -0.9523766 0.09754866 0.2888998 -0.9523766 0.09754878 0.02858626 -0.0942462 0.9951384 0.02858805 -0.0942462 -0.9951384 0.2888998 -0.9523766 -0.09754866 0.2888998 -0.9523766 -0.09754866 0.2888998 -0.9523767 -0.09754854 0.08463805 -0.2790152 0.9565495 0.08463889 -0.2790152 0.9565494 0.08463901 -0.2790152 0.9565494 0.2778975 -0.9161061 -0.2890032 0.2778975 -0.916106 -0.2890032 0.2778977 -0.9161058 -0.2890037 0.09383445 -0.9527183 0.2890034 0.09383445 -0.9527183 0.2890034 0.09383451 -0.9527184 0.2890032 0.02858018 -0.2901661 -0.9565495 0.02858078 -0.2901661 -0.9565495 0.02858096 -0.2901661 -0.9565495 0.09754925 -0.9904386 0.09754824 0.09754925 -0.9904385 0.09754824 0.09754896 -0.9904387 0.09754723 0.009657859 -0.09801274 0.9951384 0.009656846 -0.09801274 -0.9951384 0.09754925 -0.9904386 -0.09754824 0.09754925 -0.9904385 -0.09754824 0.09754961 -0.9904385 -0.09754931 0.02858018 -0.2901661 0.9565495 0.02858078 -0.2901661 0.9565495 0.02858006 -0.2901661 0.9565495 0.09383445 -0.9527183 -0.2890034 0.09383445 -0.9527183 -0.2890034 0.09383434 -0.9527183 -0.2890036 0.04637795 -0.4708898 0.8809722 0.04637819 -0.4708896 0.8809722 0.04637825 -0.4708896 0.8809722 0.08653563 -0.878613 -0.4696285 0.08653563 -0.8786129 -0.4696285 0.08653575 -0.8786129 -0.4696286 0.0623604 -0.6331582 0.7715063 0.06236022 -0.6331582 0.7715064 0.06236004 -0.6331582 0.7715063 0.07591515 -0.7707801 -0.6325622 0.07591509 -0.7707802 -0.6325622 0.07591491 -0.7707803 -0.6325621 0.07591515 -0.7707801 0.6325622 0.07591509 -0.7707802 0.6325622 0.07591533 -0.77078 0.6325624 0.0623604 -0.6331582 -0.7715063 0.06236022 -0.6331582 -0.7715064 0.06236064 -0.6331582 -0.7715063 0.08653563 -0.878613 0.4696285 0.08653563 -0.8786129 0.4696285 0.08653551 -0.878613 0.4696284 0.04637795 -0.4708898 -0.8809722 0.04637819 -0.4708896 -0.8809722 0.04637783 -0.4708898 -0.8809721 -0.08653599 -0.8786131 -0.4696282 -0.08653593 -0.8786131 -0.4696281 -0.08653599 -0.8786129 -0.4696286 -0.0623607 -0.6331583 0.7715063 -0.06236076 -0.6331583 0.7715062 -0.06236082 -0.6331585 0.7715061 -0.07591533 -0.7707801 -0.6325622 -0.07591527 -0.77078 -0.6325623 -0.07591521 -0.77078 -0.6325624 -0.07591533 -0.7707801 0.6325622 -0.07591527 -0.77078 0.6325623 -0.07591539 -0.7707802 0.6325622 -0.0623607 -0.6331583 -0.7715063 -0.06236076 -0.6331583 -0.7715062 -0.06236064 -0.6331582 -0.7715063 -0.08653599 -0.8786131 0.4696282 -0.08653593 -0.8786131 0.4696281 -0.08653593 -0.8786134 0.4696277 -0.04637753 -0.4708898 -0.8809722 -0.04637819 -0.4708898 -0.8809723 -0.04637867 -0.4708898 -0.8809722 -0.09383475 -0.9527181 0.2890038 -0.09383469 -0.9527182 0.2890038 -0.09383475 -0.9527181 0.289004 -0.02858012 -0.290166 -0.9565495 -0.02858066 -0.290166 -0.9565495 -0.02858084 -0.290166 -0.9565495 -0.09755003 -0.9904385 0.09754806 -0.09755003 -0.9904385 0.097548 -0.09755021 -0.9904385 0.09754836 -0.009657859 -0.0980128 0.9951384 -0.009656965 -0.0980128 -0.9951383 -0.09755003 -0.9904385 -0.09754806 -0.09755003 -0.9904385 -0.097548 -0.09754991 -0.9904385 -0.0975477 -0.02858012 -0.290166 0.9565495 -0.02858066 -0.290166 0.9565495 -0.02858006 -0.290166 0.9565495 -0.09383475 -0.9527181 -0.2890038 -0.09383469 -0.9527182 -0.2890038 -0.09383469 -0.9527181 -0.2890036 -0.04637753 -0.4708898 0.8809722 -0.04637819 -0.4708898 0.8809723 -0.04637712 -0.4708897 0.8809723 -0.08463859 -0.279015 -0.9565495 -0.0846365 -0.2790152 -0.9565497 -0.08463579 -0.2790153 -0.9565497 -0.2889006 -0.9523764 0.09754788 -0.2889006 -0.9523765 0.09754788 -0.2889007 -0.9523764 0.09754806 -0.02859026 -0.0942462 0.9951383 -0.02858829 -0.0942462 -0.9951384 -0.2889006 -0.9523764 -0.09754788 -0.2889006 -0.9523765 -0.09754788 -0.2889005 -0.9523765 -0.0975477 -0.08463859 -0.279015 0.9565495 -0.0846365 -0.2790152 0.9565497 -0.08463895 -0.279015 0.9565495 -0.2778978 -0.9161058 -0.2890034 -0.2778978 -0.9161059 -0.2890034 -0.2778975 -0.9161058 -0.2890037 -0.1373539 -0.4527938 0.880972 -0.1373544 -0.4527938 0.880972 -0.1373546 -0.4527938 0.8809719 -0.256282 -0.8448482 -0.4696287 -0.256282 -0.8448482 -0.4696286 -0.256282 -0.8448481 -0.4696288 -0.1846854 -0.6088261 0.7715065 -0.1846854 -0.6088262 0.7715064 -0.1846855 -0.6088263 0.7715063 -0.2248287 -0.7411596 -0.6325619 -0.2248287 -0.7411596 -0.6325619 -0.2248286 -0.7411595 -0.6325621 -0.2248287 -0.7411596 0.6325619 -0.2248287 -0.7411596 0.6325619 -0.2248287 -0.7411597 0.6325618 -0.1846854 -0.6088261 -0.7715065 -0.1846854 -0.6088262 -0.7715064 -0.1846854 -0.608826 -0.7715065 -0.256282 -0.8448482 0.4696287 -0.256282 -0.8448482 0.4696286 -0.2562821 -0.8448483 0.4696284 -0.1373539 -0.4527938 -0.880972 -0.1373544 -0.4527938 -0.880972 -0.1373537 -0.4527939 -0.880972 -0.2778978 -0.9161058 0.2890034 -0.2778978 -0.9161059 0.2890034 -0.2778981 -0.9161058 0.2890031 -0.2999131 -0.5610973 0.7715064 -0.299913 -0.5610973 0.7715065 -0.2999128 -0.5610972 0.7715066 -0.3651014 -0.6830566 -0.632562 -0.3651014 -0.6830566 -0.6325621 -0.3651015 -0.6830564 -0.6325622 -0.3651014 -0.6830566 0.632562 -0.3651014 -0.6830566 0.6325621 -0.3651013 -0.6830567 0.6325619 -0.2999131 -0.5610973 -0.7715064 -0.299913 -0.5610973 -0.7715065 -0.2999133 -0.5610973 -0.7715063 -0.4161795 -0.7786166 0.4696285 -0.4161795 -0.7786166 0.4696285 -0.4161793 -0.7786168 0.4696283 -0.2230502 -0.4172973 -0.880972 -0.2230498 -0.4172972 -0.8809721 -0.2230495 -0.4172972 -0.8809722 -0.4512813 -0.8442879 0.2890037 -0.4512813 -0.8442879 0.2890037 -0.4512812 -0.8442881 0.2890036 -0.1374453 -0.2571419 -0.9565495 -0.1374452 -0.2571419 -0.9565495 -0.1374451 -0.257142 -0.9565495 -0.469149 -0.8777151 0.09754782 -0.4691489 -0.8777151 0.09754782 -0.4691493 -0.877715 0.09754717 -0.04642426 -0.08685779 0.9951385 -0.04642474 -0.08685779 -0.9951384 -0.469149 -0.8777151 -0.09754782 -0.4691489 -0.8777151 -0.09754782 -0.4691486 -0.8777152 -0.09754848 -0.1374454 -0.2571418 0.9565495 -0.1374449 -0.2571419 0.9565496 -0.1374448 -0.2571419 0.9565495 -0.4512813 -0.8442879 -0.2890037 -0.4512813 -0.8442879 -0.2890037 -0.4512815 -0.8442879 -0.2890038 -0.2230506 -0.4172973 0.8809718 -0.2230501 -0.4172972 0.8809721 -0.2230498 -0.4172971 0.8809722 -0.4161795 -0.7786166 -0.4696285 -0.4161795 -0.7786166 -0.4696285 -0.4161797 -0.7786164 -0.4696286 -0.6313682 -0.7693235 0.09754776 -0.6313682 -0.7693237 0.09754776 -0.6313686 -0.7693233 0.09754741 -0.06248086 -0.07613146 0.9951382 -0.06248235 -0.07613146 -0.9951382 -0.6313682 -0.7693235 -0.09754776 -0.6313682 -0.7693237 -0.09754776 -0.6313678 -0.7693238 -0.09754812 -0.184971 -0.2253866 0.9565494 -0.1849705 -0.2253865 0.9565495 -0.1849704 -0.2253865 0.9565495 -0.6073226 -0.7400244 -0.2890037 -0.6073226 -0.7400243 -0.2890037 -0.6073225 -0.7400242 -0.2890045 -0.3001747 -0.365764 0.8809722 -0.3001745 -0.3657639 0.8809723 -0.3001747 -0.3657641 0.8809722 -0.560083 -0.6824631 -0.4696288 -0.560083 -0.6824631 -0.4696287 -0.560083 -0.6824629 -0.4696291 -0.4036144 -0.4918058 0.7715067 -0.4036143 -0.4918059 0.7715065 -0.4036143 -0.4918063 0.7715065 -0.491344 -0.5987042 -0.6325619 -0.4913439 -0.5987042 -0.6325618 -0.4913439 -0.5987045 -0.6325615 -0.491344 -0.5987042 0.6325619 -0.4913439 -0.5987042 0.6325618 -0.4913439 -0.5987039 0.6325622 -0.4036144 -0.4918058 -0.7715067 -0.4036143 -0.4918059 -0.7715065 -0.4036144 -0.4918054 -0.7715069 -0.560083 -0.6824631 0.4696288 -0.560083 -0.6824631 0.4696287 -0.560083 -0.6824633 0.4696284 -0.3001747 -0.365764 -0.8809722 -0.3001745 -0.3657639 -0.8809723 -0.3001745 -0.3657638 -0.8809723 -0.6073226 -0.7400244 0.2890037 -0.6073226 -0.7400243 0.2890037 -0.6073228 -0.7400246 0.289003 -0.184971 -0.2253866 -0.9565494 -0.1849705 -0.2253865 -0.9565495 -0.1849712 -0.2253866 -0.9565493 -0.5987041 -0.4913438 -0.6325621 -0.5987042 -0.4913437 -0.6325621 -0.5987045 -0.4913435 -0.632562 -0.5987041 -0.4913438 0.6325621 -0.5987042 -0.4913437 0.6325621 -0.5987039 -0.491344 0.6325622 -0.4918059 -0.4036144 -0.7715066 -0.4918059 -0.4036146 -0.7715066 -0.4918059 -0.4036143 -0.7715066 -0.6824632 -0.5600828 0.4696289 -0.6824632 -0.5600828 0.4696288 -0.6824631 -0.5600831 0.4696286 -0.365765 -0.3001747 -0.8809718 -0.3657643 -0.3001747 -0.8809721 -0.3657638 -0.3001747 -0.8809722 -0.7400249 -0.6073222 0.2890034 -0.7400249 -0.6073223 0.2890034 -0.7400252 -0.6073217 0.2890037 -0.2253866 -0.18497 -0.9565496 -0.225385 -0.18497 -0.95655 -0.2253843 -0.18497 -0.9565501 -0.7693242 -0.6313675 0.09754723 -0.7693247 -0.631367 0.09754717 -0.07612895 -0.06247949 0.9951385 -0.07612997 -0.06247949 -0.9951385 -0.7693242 -0.6313675 -0.09754723 -0.7693238 -0.631368 -0.09754729 -0.2253866 -0.18497 0.9565496 -0.225385 -0.18497 0.95655 -0.2253869 -0.18497 0.9565495 -0.7400249 -0.6073222 -0.2890034 -0.7400249 -0.6073223 -0.2890034 -0.7400245 -0.6073228 -0.2890032 -0.365765 -0.3001747 0.8809718 -0.3657643 -0.3001747 0.8809721 -0.3657654 -0.3001746 0.8809716 -0.6824632 -0.5600828 -0.4696289 -0.6824632 -0.5600828 -0.4696288 -0.6824633 -0.5600825 -0.4696291 -0.4918059 -0.4036144 0.7715066 -0.4918059 -0.4036146 0.7715066 -0.4918059 -0.4036147 0.7715065 -0.08685827 -0.04642641 -0.9951383 -0.8777155 -0.4691484 -0.09754729 -0.8777154 -0.4691484 -0.09754729 -0.8777154 -0.4691485 -0.09754753 -0.2571418 -0.1374451 0.9565496 -0.2571427 -0.1374452 0.9565492 -0.2571429 -0.1374452 0.9565492 -0.8442879 -0.4512816 -0.2890034 -0.844288 -0.4512815 -0.2890035 -0.8442878 -0.4512816 -0.2890036 -0.4172971 -0.2230496 0.8809723 -0.4172974 -0.2230498 0.8809721 -0.4172976 -0.2230499 0.880972 -0.7786166 -0.4161793 -0.4696288 -0.7786165 -0.4161792 -0.4696288 -0.7786165 -0.4161792 -0.469629 -0.5610973 -0.2999126 0.7715066 -0.5610975 -0.2999126 0.7715064 -0.5610976 -0.2999127 0.7715063 -0.6830568 -0.3651013 -0.6325618 -0.6830568 -0.3651015 -0.6325617 -0.6830567 -0.3651019 -0.6325617 -0.6830568 -0.3651013 0.6325618 -0.6830568 -0.3651015 0.6325617 -0.683057 -0.365101 0.6325618 -0.5610973 -0.2999126 -0.7715066 -0.5610975 -0.2999126 -0.7715064 -0.5610972 -0.2999125 -0.7715067 -0.7786166 -0.4161793 0.4696288 -0.7786165 -0.4161792 0.4696288 -0.7786166 -0.4161793 0.4696286 -0.4172976 -0.2230497 -0.880972 -0.417297 -0.2230498 -0.8809722 -0.4172965 -0.22305 -0.8809724 -0.8442879 -0.4512816 0.2890034 -0.844288 -0.4512815 0.2890035 -0.844288 -0.4512814 0.2890033 -0.2571418 -0.1374451 -0.9565496 -0.2571427 -0.1374452 -0.9565492 -0.2571415 -0.137445 -0.9565496 -0.8777155 -0.4691484 0.09754729 -0.8777154 -0.4691484 0.09754729 -0.8777155 -0.4691483 0.09754699 -0.08685731 -0.04642641 0.9951385 -0.6088258 -0.1846854 -0.7715067 -0.6088259 -0.1846854 -0.7715066 -0.6088258 -0.1846854 -0.7715067 -0.8448483 -0.2562817 0.4696287 -0.8448483 -0.2562817 0.4696287 -0.8448483 -0.2562816 0.4696286 -0.4527943 -0.1373532 -0.8809719 -0.4527943 -0.1373538 -0.8809717 -0.4527944 -0.1373542 -0.8809717 -0.9161059 -0.2778974 0.2890036 -0.9161059 -0.2778975 0.2890036 -0.9161059 -0.2778976 0.2890034 -0.2790157 -0.08463788 -0.9565494 -0.2790156 -0.08463817 -0.9565495 -0.2790157 -0.08463782 -0.9565494 -0.9523769 -0.2888994 0.09754699 -0.9523772 -0.2888988 0.09754687 -0.09424555 -0.02858924 0.9951384 -0.09424555 -0.02858924 -0.9951384 -0.9523769 -0.2888994 -0.09754699 -0.9523768 -0.2889 -0.09754717 -0.2790157 -0.08463788 0.9565494 -0.2790156 -0.08463817 0.9565495 -0.2790156 -0.08463823 0.9565495 -0.9161059 -0.2778974 -0.2890036 -0.9161059 -0.2778975 -0.2890036 -0.9161059 -0.2778973 -0.2890037 -0.4527943 -0.1373532 0.8809719 -0.4527943 -0.1373538 0.8809717 -0.4527943 -0.1373529 0.8809719 -0.8448483 -0.2562817 -0.4696287 -0.8448483 -0.2562817 -0.4696287 -0.8448482 -0.2562819 -0.4696288 -0.6088258 -0.1846854 0.7715067 -0.6088259 -0.1846854 0.7715066 -0.608826 -0.1846854 0.7715066 -0.7411597 -0.2248283 -0.6325619 -0.7411597 -0.2248281 -0.6325619 -0.7411598 -0.224828 -0.6325619 -0.7411597 -0.2248283 0.6325619 -0.7411597 -0.2248281 0.6325619 -0.7411597 -0.2248283 0.6325619 -0.2901667 -0.02857887 0.9565493 -0.290166 -0.02857881 0.9565495 -0.2901659 -0.02857881 0.9565496 -0.9527183 -0.09383434 -0.2890036 -0.9527183 -0.09383434 -0.2890036 -0.9527183 -0.0938338 -0.2890037 -0.4708902 -0.04637867 0.880972 -0.47089 -0.04637879 0.880972 -0.4708902 -0.04637861 0.880972 -0.8786128 -0.08653569 -0.4696288 -0.8786128 -0.08653575 -0.4696288 -0.8786128 -0.08653557 -0.4696288 -0.6331579 -0.06236046 0.7715065 -0.633158 -0.06236028 0.7715066 -0.633158 -0.0623601 0.7715064 -0.7707804 -0.07591509 -0.6325619 -0.7707805 -0.07591515 -0.6325618 -0.7707806 -0.07591533 -0.6325616 -0.7707804 -0.07591509 0.6325619 -0.7707805 -0.07591515 0.6325618 -0.7707804 -0.07591497 0.6325621 -0.6331579 -0.06236046 -0.7715065 -0.633158 -0.06236028 -0.7715066 -0.6331579 -0.06236064 -0.7715066 -0.8786128 -0.08653569 0.4696288 -0.8786128 -0.08653575 0.4696288 -0.8786129 -0.08653587 0.4696288 -0.4708902 -0.04637867 -0.880972 -0.47089 -0.04637879 -0.880972 -0.4708899 -0.04637885 -0.8809721 -0.9527183 -0.09383434 0.2890036 -0.9527183 -0.09383434 0.2890036 -0.9527183 -0.09383487 0.2890034 -0.2901667 -0.02857887 -0.9565493 -0.290166 -0.02857881 -0.9565495 -0.2901669 -0.02857893 -0.9565493 -0.9904387 -0.09754979 0.09754699 -0.9904387 -0.09754949 0.09754699 -0.09801203 -0.009653389 0.9951384 -0.09801208 -0.009653389 -0.9951384 -0.9904387 -0.09754979 -0.09754699 -0.9904386 -0.09755015 -0.09754699 -0.8786127 0.08653664 0.4696287 -0.8786128 0.08653658 0.4696287 -0.8786128 0.08653587 0.4696287 -0.4708904 0.04637891 -0.8809719 -0.4708901 0.04637891 -0.8809719 -0.4708899 0.04637885 -0.880972 -0.9527182 0.09383475 0.2890035 -0.9527183 0.09383475 0.2890036 -0.9527184 0.09383487 0.2890033 -0.290166 0.02857881 -0.9565495 -0.2901663 0.02857887 -0.9565495 -0.2901664 0.02857893 -0.9565494 -0.9904385 0.09755021 0.09754717 -0.9904386 0.09755021 0.09754717 -0.9904386 0.09754949 0.09754723 -0.09801208 0.009653449 0.9951384 -0.09801208 0.009653449 -0.9951384 -0.9904385 0.09755021 -0.09754717 -0.9904386 0.09755021 -0.09754717 -0.9904385 0.09755092 -0.09754717 -0.290166 0.02857881 0.9565495 -0.2901663 0.02857887 0.9565495 -0.290166 0.02857881 0.9565496 -0.9527182 0.09383475 -0.2890035 -0.9527183 0.09383475 -0.2890036 -0.9527182 0.09383463 -0.2890038 -0.4708904 0.04637891 0.8809719 -0.4708901 0.04637891 0.8809719 -0.4708905 0.04637891 0.8809718 -0.8786127 0.08653664 -0.4696287 -0.8786128 0.08653658 -0.4696287 -0.8786126 0.08653736 -0.4696287 -0.6331579 0.06236112 0.7715066 -0.6331577 0.06236088 0.7715066 -0.6331577 0.0623607 0.7715068 -0.7707804 0.07591539 -0.6325618 -0.7707805 0.07591539 -0.6325619 -0.7707805 0.07591533 -0.6325619 -0.7707804 0.07591539 0.6325618 -0.7707805 0.07591539 0.6325619 -0.7707804 0.07591539 0.6325618 -0.6331579 0.06236112 -0.7715066 -0.6331577 0.06236088 -0.7715066 -0.6331579 0.06236135 -0.7715064 -0.9161058 0.2778983 -0.2890034 -0.9161058 0.2778983 -0.2890034 -0.9161055 0.2778989 -0.2890035 -0.4527943 0.1373537 0.8809718 -0.4527943 0.1373534 0.8809719 -0.4527942 0.1373539 0.8809718 -0.8448482 0.2562819 -0.4696288 -0.8448482 0.2562817 -0.4696288 -0.844848 0.2562827 -0.4696289 -0.6088258 0.1846856 0.7715067 -0.608826 0.1846853 0.7715066 -0.6088263 0.1846849 0.7715065 -0.7411596 0.2248287 -0.6325619 -0.7411597 0.2248288 -0.6325618 -0.7411596 0.2248291 -0.6325617 -0.7411596 0.2248287 0.6325619 -0.7411597 0.2248288 0.6325618 -0.7411597 0.2248285 0.6325619 -0.6088258 0.1846856 -0.7715067 -0.608826 0.1846853 -0.7715066 -0.6088255 0.184686 -0.7715068 -0.8448482 0.2562819 0.4696288 -0.8448482 0.2562817 0.4696288 -0.8448485 0.2562809 0.4696288 -0.4527943 0.1373537 -0.8809718 -0.4527943 0.1373534 -0.8809719 -0.4527944 0.1373532 -0.8809719 -0.9161058 0.2778983 0.2890034 -0.9161058 0.2778983 0.2890034 -0.9161059 0.2778977 0.2890033 -0.2790148 0.08463853 -0.9565496 -0.2790155 0.08463835 -0.9565494 -0.2790157 0.08463829 -0.9565494 -0.9523764 0.2889009 0.09754729 -0.9523765 0.2889009 0.09754729 -0.9523764 0.2889011 0.09754711 -0.09424656 0.02858924 0.9951384 -0.09424555 0.02858924 -0.9951385 -0.9523764 0.2889009 -0.09754729 -0.9523765 0.2889009 -0.09754729 -0.9523765 0.2889007 -0.09754747 -0.2790148 0.08463853 0.9565496 -0.2790155 0.08463835 0.9565494 -0.2790147 0.08463853 0.9565497 -0.4172974 0.2230502 -0.8809719 -0.4172973 0.2230505 -0.880972 -0.4172971 0.2230506 -0.880972 -0.8442879 0.4512817 0.2890034 -0.8442879 0.4512816 0.2890034 -0.8442876 0.4512822 0.2890031 -0.257143 0.1374452 -0.9565492 -0.2571417 0.1374451 -0.9565495 -0.2571434 0.1374453 -0.9565491 -0.8777151 0.4691494 0.09754705 -0.8777151 0.4691493 0.09754705 -0.8777148 0.4691499 0.09754675 -0.08685731 0.04642647 0.9951384 -0.08685833 0.04642647 -0.9951383 -0.8777151 0.4691494 -0.09754705 -0.8777151 0.4691493 -0.09754705 -0.8777152 0.4691487 -0.09754735 -0.257143 0.1374452 0.9565492 -0.2571417 0.1374451 0.9565495 -0.2571414 0.1374451 0.9565497 -0.8442879 0.4512817 -0.2890034 -0.8442879 0.4512816 -0.2890034 -0.8442881 0.451281 -0.2890036 -0.4172974 0.2230502 0.8809719 -0.4172973 0.2230505 0.880972 -0.4172976 0.2230502 0.8809718 -0.7786164 0.4161794 -0.4696288 -0.7786164 0.4161794 -0.4696288 -0.7786164 0.4161794 -0.4696289 -0.561097 0.299913 0.7715066 -0.5610972 0.2999128 0.7715066 -0.5610974 0.2999126 0.7715066 -0.6830568 0.3651015 -0.6325618 -0.6830568 0.3651013 -0.6325619 -0.6830568 0.3651009 -0.6325621 -0.6830568 0.3651015 0.6325618 -0.6830568 0.3651013 0.6325619 -0.6830568 0.3651019 0.6325615 -0.561097 0.299913 -0.7715066 -0.5610972 0.2999128 -0.7715066 -0.5610968 0.2999132 -0.7715067 -0.7786164 0.4161794 0.4696288 -0.7786164 0.4161794 0.4696288 -0.7786164 0.4161794 0.4696288 -0.3657646 0.3001751 0.8809717 -0.365764 0.300175 0.880972 -0.3657649 0.3001751 0.8809717 -0.6824628 0.5600833 -0.4696289 -0.6824629 0.5600832 -0.4696289 -0.6824624 0.5600838 -0.4696288 -0.4918053 0.4036147 0.7715069 -0.4918057 0.4036146 0.7715067 -0.4918061 0.4036144 0.7715064 -0.5987043 0.4913441 -0.6325616 -0.5987043 0.4913441 -0.6325616 -0.5987043 0.491344 -0.6325616 -0.5987043 0.4913441 0.6325616 -0.5987043 0.4913441 0.6325616 -0.5987043 0.4913442 0.6325616 -0.4918053 0.4036147 -0.7715069 -0.4918057 0.4036146 -0.7715067 -0.4918048 0.4036149 -0.7715072 -0.6824628 0.5600833 0.4696289 -0.6824629 0.5600832 0.4696289 -0.6824632 0.5600828 0.469629 -0.3657646 0.3001751 -0.8809717 -0.365764 0.300175 -0.880972 -0.3657636 0.300175 -0.8809723 -0.7400247 0.6073225 0.2890034 -0.7400247 0.6073225 0.2890034 -0.7400246 0.6073226 0.2890033 -0.2253862 0.1849702 -0.9565496 -0.2253863 0.1849703 -0.9565495 -0.2253865 0.1849703 -0.9565495 -0.7693236 0.6313682 0.09754717 -0.7693236 0.6313682 0.09754717 -0.7693234 0.6313684 0.09754735 -0.07612901 0.06247955 0.9951386 -0.07612997 0.06247955 -0.9951384 -0.7693236 0.6313682 -0.09754717 -0.7693236 0.6313682 -0.09754717 -0.7693238 0.631368 -0.09754699 -0.2253857 0.1849703 0.9565497 -0.2253865 0.1849702 0.9565496 -0.2253866 0.1849702 0.9565495 -0.7400247 0.6073225 -0.2890034 -0.7400247 0.6073225 -0.2890034 -0.7400248 0.6073223 -0.2890034 -0.6073223 0.7400248 0.2890034 -0.6073223 0.7400248 0.2890034 -0.6073223 0.7400248 0.2890033 -0.184971 0.2253868 -0.9565493 -0.184971 0.2253867 -0.9565494 -0.184971 0.2253869 -0.9565493 -0.6313676 0.7693241 0.09754711 -0.6313676 0.7693243 0.09754717 -0.6313674 0.7693244 0.09754645 -0.06248086 0.07613152 0.9951382 -0.06248188 0.07613152 -0.9951382 -0.6313676 0.7693241 -0.09754711 -0.6313676 0.7693243 -0.09754717 -0.6313678 0.769324 -0.09754782 -0.184971 0.2253868 0.9565493 -0.184971 0.2253867 0.9565494 -0.184971 0.2253866 0.9565493 -0.6073223 0.7400248 -0.2890034 -0.6073223 0.7400248 -0.2890034 -0.6073222 0.7400248 -0.2890036 -0.3001753 0.3657644 0.8809717 -0.3001747 0.3657644 0.880972 -0.3001756 0.3657645 0.8809717 -0.5600829 0.6824631 -0.4696289 -0.5600829 0.6824631 -0.4696289 -0.5600826 0.6824635 -0.4696287 -0.4036142 0.4918059 0.7715067 -0.4036145 0.4918059 0.7715066 -0.4036149 0.4918057 0.7715064 -0.4913438 0.5987047 -0.6325615 -0.4913438 0.5987048 -0.6325613 -0.4913441 0.5987051 -0.632561 -0.4913438 0.5987047 0.6325615 -0.4913438 0.5987048 0.6325613 -0.4913436 0.5987045 0.6325619 -0.4036142 0.4918059 -0.7715067 -0.4036145 0.4918059 -0.7715066 -0.4036137 0.491806 -0.7715069 -0.5600829 0.6824631 0.4696289 -0.5600829 0.6824631 0.4696289 -0.5600832 0.6824628 0.4696292 -0.3001753 0.3657644 -0.8809717 -0.3001747 0.3657644 -0.880972 -0.3001742 0.3657643 -0.8809722 -0.416179 0.7786165 -0.4696289 -0.4161791 0.7786166 -0.4696289 -0.4161785 0.7786167 -0.469629 -0.2999125 0.5610968 0.7715069 -0.2999126 0.5610968 0.7715069 -0.2999128 0.5610969 0.7715069 -0.3651012 0.683057 -0.6325617 -0.3651014 0.683057 -0.6325616 -0.3651019 0.683057 -0.6325613 -0.3651012 0.683057 0.6325617 -0.3651014 0.683057 0.6325616 -0.3651008 0.683057 0.6325619 -0.2999125 0.5610968 -0.7715069 -0.2999126 0.5610968 -0.7715069 -0.2999124 0.5610968 -0.771507 -0.416179 0.7786165 0.4696289 -0.4161791 0.7786166 0.4696289 -0.4161795 0.7786164 0.4696288 -0.2230495 0.4172978 -0.880972 -0.2230495 0.4172974 -0.880972 -0.2230497 0.4172973 -0.8809722 -0.4512813 0.8442882 0.2890032 -0.4512812 0.8442881 0.2890032 -0.4512813 0.8442884 0.2890027 -0.1374453 0.2571419 -0.9565495 -0.1374456 0.2571418 -0.9565495 -0.1374458 0.2571418 -0.9565494 -0.469148 0.8777157 0.09754681 -0.469148 0.8777157 0.09754681 -0.469148 0.8777157 0.09754669 -0.04642432 0.08685785 0.9951384 -0.04642432 0.08685785 -0.9951384 -0.469148 0.8777157 -0.09754681 -0.469148 0.8777157 -0.09754681 -0.4691481 0.8777157 -0.09754699 -0.1374453 0.2571419 0.9565495 -0.1374456 0.2571418 0.9565495 -0.1374453 0.2571418 0.9565495 -0.4512813 0.8442882 -0.2890032 -0.4512812 0.8442881 -0.2890032 -0.4512812 0.844288 -0.2890037 -0.2230495 0.4172978 0.880972 -0.2230495 0.4172974 0.880972 -0.2230495 0.4172979 0.8809719 -0.08463805 0.2790151 -0.9565495 -0.08463883 0.2790151 -0.9565495 -0.08463782 0.2790151 -0.9565495 -0.2888998 0.9523769 0.09754675 -0.2888998 0.9523769 0.09754675 -0.2888997 0.9523769 0.09754735 -0.02858632 0.09424626 0.9951384 -0.02858805 0.09424626 -0.9951384 -0.2888998 0.9523769 -0.09754675 -0.2888998 0.9523769 -0.09754675 -0.2889 0.9523769 -0.09754621 -0.08463805 0.2790151 0.9565495 -0.08463883 0.2790151 0.9565495 -0.08463901 0.2790151 0.9565495 -0.2778975 0.9161061 -0.2890029 -0.2778975 0.9161061 -0.2890028 -0.2778974 0.9161064 -0.2890021 -0.1373527 0.4527946 0.8809719 -0.1373533 0.4527943 0.8809719 -0.1373524 0.4527946 0.8809719 -0.2562816 0.844848 -0.4696292 -0.2562816 0.844848 -0.4696293 -0.2562819 0.8448483 -0.4696286 -0.1846851 0.6088257 0.7715069 -0.184685 0.6088259 0.7715067 -0.1846849 0.6088261 0.7715066 -0.2248283 0.7411601 -0.6325615 -0.2248284 0.74116 -0.6325616 -0.2248287 0.7411596 -0.6325619 -0.2248283 0.7411601 0.6325615 -0.2248284 0.74116 0.6325616 -0.224828 0.7411604 0.6325613 -0.1846851 0.6088257 -0.7715069 -0.184685 0.6088259 -0.7715067 -0.1846852 0.6088255 -0.771507 -0.2562816 0.844848 0.4696292 -0.2562816 0.844848 0.4696293 -0.2562813 0.8448478 0.4696298 -0.1373527 0.4527946 -0.8809719 -0.1373533 0.4527943 -0.8809719 -0.1373537 0.4527942 -0.8809719 -0.2778975 0.9161061 0.2890029 -0.2778975 0.9161061 0.2890028 -0.2778975 0.9161059 0.2890037 -0.07591664 0.7707799 -0.6325623 -0.07591623 0.7707801 -0.6325621 -0.07591497 0.7707808 -0.6325615 -0.07591664 0.7707799 0.6325623 -0.07591623 0.7707801 0.6325621 -0.07591778 0.7707793 0.6325629 -0.06236058 0.6331574 -0.7715069 -0.06236052 0.6331573 -0.771507 -0.06236064 0.6331577 -0.7715067 -0.08653724 0.8786134 0.4696275 -0.08653753 0.8786132 0.4696277 -0.08653581 0.8786143 0.4696261 -0.04637873 0.4708905 -0.8809719 -0.04637891 0.4708904 -0.8809718 -0.04637908 0.4708904 -0.8809717 -0.09383589 0.9527178 0.2890049 -0.09383577 0.9527178 0.2890048 -0.0938372 0.9527172 0.2890059 -0.0285784 0.2901661 -0.9565495 -0.0285803 0.2901661 -0.9565494 -0.02858096 0.2901662 -0.9565495 -0.09755408 0.9904381 0.09754842 -0.09755402 0.9904381 0.09754836 -0.09755551 0.9904378 0.09754967 -0.009657919 0.0980128 0.9951383 -0.009656846 0.0980128 -0.9951383 -0.09755408 0.9904381 -0.09754842 -0.09755402 0.9904381 -0.09754836 -0.09755253 0.9904384 -0.09754711 -0.02857965 0.2901661 0.9565495 -0.02857899 0.2901662 0.9565495 -0.02857887 0.2901662 0.9565495 -0.09383589 0.9527178 -0.2890049 -0.09383577 0.9527178 -0.2890048 -0.0938344 0.9527182 -0.2890037 -0.04638081 0.4708892 0.8809724 -0.0463798 0.4708899 0.880972 -0.04638135 0.4708887 0.8809725 -0.08653724 0.8786134 -0.4696275 -0.08653753 0.8786132 -0.4696277 -0.08653908 0.8786122 -0.4696292 -0.06236201 0.6331583 0.771506 -0.06236308 0.6331579 0.7715064 -0.06236076 0.6331589 0.7715057 0.06236064 0.6331587 0.7715058 0.07591533 0.7707793 -0.6325632 0.0759142 0.7707799 0.6325626 0.06236022 0.6331588 -0.7715058 0.08653622 0.8786136 0.469627 0.04637587 0.4708902 -0.880972 0.09383207 0.9527177 0.2890061 0.02857804 0.2901663 -0.9565495 0.09754985 0.9904384 0.09755021 0.09754979 0.9904384 -0.09754955 0.02857804 0.2901661 0.9565495 0.09383481 0.9527181 -0.289004 0.046377 0.4708887 0.8809728 0.0865336 0.8786136 -0.4696276 0.2778977 0.9161061 -0.2890028 0.1373534 0.4527935 0.8809723 0.256282 0.8448484 -0.4696283 0.184686 0.6088264 0.771506 0.2248286 0.7411595 -0.6325621 0.2248283 0.7411587 0.6325631 0.1846856 0.6088269 -0.7715057 0.2562825 0.8448483 0.4696284 0.1373537 0.4527933 -0.8809723 0.2778976 0.9161056 0.2890045 0.08463895 0.2790151 -0.9565495 0.2889 0.9523763 0.09755051 0.2889004 0.9523763 -0.09755057 0.0846377 0.2790151 0.9565497 0.2230502 0.4172969 -0.8809723 0.4512813 0.844288 0.2890035 0.1374448 0.257142 -0.9565495 0.4691485 0.8777152 0.09754848 0.4691489 0.8777149 -0.09754961 0.1374454 0.2571414 0.9565496 0.4512811 0.8442878 -0.2890045 0.2230486 0.4172968 0.8809726 0.4161792 0.7786164 -0.4696289 0.2999132 0.5610974 0.7715063 0.3651014 0.6830566 -0.632562 0.3651014 0.6830565 0.6325622 0.2999128 0.5610978 -0.7715061 0.4161794 0.7786164 0.4696288 0.5600832 0.6824632 -0.4696283 0.4036152 0.4918062 0.771506 0.4913434 0.5987042 -0.6325622 0.4913436 0.5987042 0.6325621 0.4036151 0.4918063 -0.7715061 0.5600831 0.6824627 0.4696292 0.3001757 0.3657636 -0.880972 0.6073226 0.7400242 0.2890041 0.184971 0.2253867 -0.9565494 0.6313676 0.7693237 0.09754961 0.6313682 0.7693234 -0.09754937 0.1849708 0.2253866 0.9565494 0.6073226 0.7400245 -0.2890037 0.3001732 0.3657637 0.8809728 0.2253867 0.18497 -0.9565495 0.7693235 0.6313679 0.09754925 0.7693243 0.6313671 -0.09754955 0.2253843 0.1849702 0.9565501 0.7400249 0.6073222 -0.2890036 0.3657642 0.3001747 0.8809721 0.6824629 0.5600834 -0.4696285 0.4918057 0.4036151 0.7715064 0.5987035 0.4913444 -0.6325622 0.5987045 0.491343 0.6325623 0.491806 0.403615 -0.7715063 0.6824633 0.5600827 0.4696288 0.7400243 0.6073226 0.289004 0.5610973 0.2999133 0.7715063 0.6830563 0.3651014 -0.6325624 0.6830565 0.3651008 0.6325625 0.5610983 0.2999128 -0.7715057 0.7786167 0.4161785 0.4696292 0.4172968 0.2230498 -0.8809724 0.8442877 0.4512814 0.289004 0.2571428 0.1374449 -0.9565494 0.8777152 0.4691484 0.09754931 0.8777154 0.4691481 -0.0975492 0.2571415 0.1374453 0.9565496 0.8442884 0.4512807 -0.2890035 0.4172965 0.2230498 0.8809725 0.7786165 0.41618 -0.4696284 0.9523765 0.2888998 0.09754931 0.9523763 0.2889008 -0.09754914 0.2790155 0.08463823 0.9565494 0.9161059 0.2778975 -0.2890035 0.452793 0.1373531 0.8809726 0.844848 0.2562825 -0.4696288 0.6088266 0.1846861 0.7715058 0.7411594 0.2248283 -0.6325622 0.7411596 0.2248284 0.632562 0.6088265 0.184685 -0.7715062 0.8448483 0.2562818 0.4696287 0.452794 0.1373533 -0.880972 0.9161058 0.277898 0.2890036 0.2790145 0.08463811 -0.9565497 0.7707798 0.07591539 -0.6325626 0.7707805 0.07591414 0.6325619 0.6331582 0.06236022 -0.7715063 0.8786128 0.08653551 0.4696288 0.4708892 0.04637855 -0.8809725 0.9527183 0.09383463 0.2890037 0.2901662 0.02857899 -0.9565494 0.9904384 0.09754931 0.0975492 0.9904385 0.09754943 -0.09754884 0.290166 0.02857941 0.9565495 0.9527183 0.09383404 -0.2890034 0.4708897 0.04637825 0.8809722 0.8786128 0.08653587 -0.4696288 0.6331588 0.06236064 0.7715058 0.9904384 -0.09755021 -0.09754872 0.2901653 -0.02857941 0.9565498 0.9527183 -0.09383481 -0.2890034 0.4708893 -0.04637831 0.8809724 0.8786128 -0.08653587 -0.4696289 0.6331582 -0.06236135 0.7715062 0.7707799 -0.07591581 -0.6325623 0.7707801 -0.07591527 0.6325622 0.6331589 -0.0623607 -0.7715057 0.8786128 -0.08653551 0.469629 0.4708896 -0.04637855 -0.8809723 0.9527183 -0.09383463 0.2890037 0.2901663 -0.02857875 -0.9565495 0.9904384 -0.09755009 0.09754896 0.7411594 -0.224828 0.6325624 0.6088271 -0.184685 -0.7715057 0.8448482 -0.2562817 0.4696289 0.452793 -0.1373537 -0.8809725 0.916106 -0.2778972 0.2890037 0.2790154 -0.08463847 -0.9565495 0.9523764 -0.2889006 0.09754878 0.9523766 -0.2889001 -0.0975486 0.2790155 -0.08463847 0.9565494 0.9161058 -0.2778975 -0.2890035 0.4527939 -0.1373535 0.880972 0.8448482 -0.2562825 -0.4696286 0.6088258 -0.1846861 0.7715065 0.7411593 -0.2248281 -0.6325624 0.8777151 -0.4691489 -0.09754836 0.2571396 -0.1374453 0.95655 0.8442882 -0.4512808 -0.2890037 0.4172967 -0.2230499 0.8809723 0.7786163 -0.4161798 -0.4696289 0.5610976 -0.2999132 0.7715061 0.6830565 -0.3651011 -0.6325624 0.6830566 -0.3651013 0.6325621 0.5610974 -0.2999129 -0.7715063 0.7786166 -0.4161787 0.4696291 0.4172971 -0.22305 -0.8809721 0.8442876 -0.4512822 0.2890033 0.2571427 -0.1374451 -0.9565493 0.8777149 -0.4691492 0.09754872 0.491806 -0.4036148 -0.7715063 0.6824629 -0.5600834 0.4696287 0.3657643 -0.300175 -0.8809719 0.7400243 -0.6073226 0.289004 0.2253867 -0.1849702 -0.9565495 0.769324 -0.6313676 0.09754854 0.7693238 -0.6313679 -0.09754848 0.2253854 -0.1849703 0.9565498 0.7400244 -0.6073228 -0.2890033 0.3657633 -0.3001748 0.8809725 0.6824629 -0.5600833 -0.4696287 0.491806 -0.4036151 0.7715062 0.5987038 -0.4913442 -0.6325621 0.598704 -0.4913437 0.6325622 0.6073223 -0.7400245 -0.289004 0.3001742 -0.365764 0.8809723 0.560083 -0.6824629 -0.4696291 0.4036158 -0.491806 0.7715058 0.4913434 -0.5987045 -0.6325619 0.4913436 -0.5987036 0.6325628 0.4036145 -0.4918063 -0.7715064 0.5600829 -0.6824631 0.469629 0.3001751 -0.365764 -0.8809721 0.6073229 -0.7400245 0.289003 0.1849696 -0.2253868 -0.9565497 0.6313672 -0.7693244 0.09754848 0.6313675 -0.7693241 -0.09754842 0.1849712 -0.2253863 0.9565494 0.223049 -0.4172971 -0.8809725 0.4512809 -0.8442882 0.2890034 0.1374443 -0.257142 -0.9565497 0.4691483 -0.8777154 0.09754848 0.4691482 -0.8777154 -0.09754842 0.1374455 -0.2571418 0.9565495 0.4512811 -0.8442882 -0.2890031 0.2230489 -0.4172973 0.8809723 0.4161792 -0.7786166 -0.4696288 0.2999122 -0.5610979 0.7715063 0.3651011 -0.6830565 -0.6325624 0.3651015 -0.6830564 0.6325622 0.299913 -0.5610979 -0.771506 0.416179 -0.7786167 0.4696288 0.1373536 -0.4527937 0.8809722 0.2562817 -0.8448485 -0.4696283 0.1846852 -0.6088262 0.7715063 0.2248283 -0.7411599 -0.6325618 0.2248286 -0.7411596 0.6325619 0.1846854 -0.608826 -0.7715066 0.256282 -0.8448482 0.4696288 0.1373533 -0.4527939 -0.880972 0.2778977 -0.9161058 0.2890037 0.08463901 -0.2790152 -0.9565494 0.2888998 -0.9523767 0.09754854 0.2888998 -0.9523766 -0.09754878 0.08463776 -0.2790152 0.9565496 0.2778975 -0.9161062 -0.2890027 0.09383434 -0.9527183 0.2890036 0.02858006 -0.2901661 -0.9565495 0.09754961 -0.9904385 0.09754931 0.09754896 -0.9904387 -0.09754723 0.02858096 -0.2901661 0.9565495 0.09383451 -0.9527184 -0.2890032 0.04637783 -0.4708898 0.8809721 0.08653551 -0.878613 -0.4696284 0.06236064 -0.6331582 0.7715063 0.07591533 -0.77078 -0.6325624 0.07591491 -0.7707803 0.6325621 0.06236004 -0.6331582 -0.7715063 0.08653575 -0.8786129 0.4696286 0.04637825 -0.4708896 -0.8809722 -0.08653593 -0.8786134 -0.4696277 -0.06236064 -0.6331582 0.7715063 -0.07591539 -0.7707802 -0.6325622 -0.07591521 -0.77078 0.6325624 -0.06236082 -0.6331585 -0.7715061 -0.08653599 -0.8786129 0.4696286 -0.04637712 -0.4708897 -0.8809723 -0.09383469 -0.9527181 0.2890036 -0.02858006 -0.290166 -0.9565495 -0.09754991 -0.9904385 0.0975477 -0.09755021 -0.9904385 -0.09754836 -0.02858084 -0.290166 0.9565495 -0.09383475 -0.9527181 -0.289004 -0.04637867 -0.4708898 0.8809722 -0.08463895 -0.279015 -0.9565495 -0.2889005 -0.9523765 0.0975477 -0.2889007 -0.9523764 -0.09754806 -0.08463579 -0.2790153 0.9565497 -0.2778981 -0.9161058 -0.2890031 -0.1373537 -0.4527939 0.880972 -0.2562821 -0.8448483 -0.4696284 -0.1846854 -0.608826 0.7715065 -0.2248287 -0.7411597 -0.6325618 -0.2248286 -0.7411595 0.6325621 -0.1846855 -0.6088263 -0.7715063 -0.256282 -0.8448481 0.4696288 -0.1373546 -0.4527938 -0.8809719 -0.2778975 -0.9161058 0.2890037 -0.2999133 -0.5610973 0.7715063 -0.3651013 -0.6830567 -0.6325619 -0.3651015 -0.6830564 0.6325622 -0.2999128 -0.5610972 -0.7715066 -0.4161797 -0.7786164 0.4696286 -0.2230505 -0.4172973 -0.8809719 -0.4512815 -0.8442879 0.2890038 -0.1374453 -0.2571418 -0.9565495 -0.4691486 -0.8777152 0.09754848 -0.4691493 -0.877715 -0.09754717 -0.1374456 -0.2571418 0.9565494 -0.4512812 -0.8442881 -0.2890036 -0.223051 -0.4172974 0.8809717 -0.4161793 -0.7786168 -0.4696283 -0.6313678 -0.7693238 0.09754812 -0.6313686 -0.7693233 -0.09754741 -0.1849712 -0.2253866 0.9565493 -0.6073228 -0.7400246 -0.289003 -0.3001745 -0.3657638 0.8809723 -0.560083 -0.6824633 -0.4696284 -0.4036144 -0.4918054 0.7715069 -0.4913439 -0.5987039 -0.6325622 -0.4913439 -0.5987045 0.6325615 -0.4036143 -0.4918063 -0.7715065 -0.560083 -0.6824629 0.4696291 -0.3001747 -0.3657641 -0.8809722 -0.6073225 -0.7400242 0.2890045 -0.1849704 -0.2253865 -0.9565495 -0.5987039 -0.491344 -0.6325622 -0.5987045 -0.4913435 0.632562 -0.4918059 -0.4036147 -0.7715065 -0.6824633 -0.5600825 0.4696291 -0.3657654 -0.3001746 -0.8809716 -0.7400245 -0.6073228 0.2890032 -0.2253869 -0.18497 -0.9565495 -0.7693238 -0.631368 0.09754729 -0.7693247 -0.631367 -0.09754717 -0.2253843 -0.18497 0.9565501 -0.7400252 -0.6073217 -0.2890037 -0.3657638 -0.3001747 0.8809722 -0.6824631 -0.5600831 -0.4696286 -0.4918059 -0.4036143 0.7715066 -0.8777155 -0.4691483 -0.09754699 -0.2571415 -0.137445 0.9565496 -0.844288 -0.4512814 -0.2890033 -0.4172969 -0.2230495 0.8809724 -0.7786166 -0.4161793 -0.4696286 -0.5610972 -0.2999125 0.7715067 -0.683057 -0.365101 -0.6325618 -0.6830567 -0.3651019 0.6325617 -0.5610976 -0.2999127 -0.7715063 -0.7786165 -0.4161792 0.469629 -0.4172979 -0.2230495 -0.8809718 -0.8442878 -0.4512816 0.2890036 -0.2571429 -0.1374452 -0.9565492 -0.8777154 -0.4691485 0.09754753 -0.608826 -0.1846854 -0.7715066 -0.8448482 -0.2562819 0.4696288 -0.4527943 -0.1373529 -0.8809719 -0.9161059 -0.2778973 0.2890037 -0.2790156 -0.08463823 -0.9565495 -0.9523768 -0.2889 0.09754717 -0.9523772 -0.2888988 -0.09754687 -0.2790157 -0.08463782 0.9565494 -0.9161059 -0.2778976 -0.2890034 -0.4527944 -0.1373542 0.8809717 -0.8448483 -0.2562816 -0.4696286 -0.6088258 -0.1846854 0.7715067 -0.7411597 -0.2248283 -0.6325619 -0.7411598 -0.224828 0.6325619 -0.2901669 -0.02857893 0.9565493 -0.9527183 -0.09383487 -0.2890034 -0.4708899 -0.04637885 0.8809721 -0.8786129 -0.08653587 -0.4696288 -0.6331579 -0.06236064 0.7715066 -0.7707804 -0.07591497 -0.6325621 -0.7707806 -0.07591533 0.6325616 -0.633158 -0.0623601 -0.7715064 -0.8786128 -0.08653557 0.4696288 -0.4708902 -0.04637861 -0.880972 -0.9527183 -0.0938338 0.2890037 -0.2901659 -0.02857881 -0.9565496 -0.9904386 -0.09755015 0.09754699 -0.9904387 -0.09754949 -0.09754699 -0.8786126 0.08653736 0.4696287 -0.4708905 0.04637891 -0.8809718 -0.9527182 0.09383463 0.2890038 -0.290166 0.02857881 -0.9565496 -0.9904385 0.09755092 0.09754717 -0.9904386 0.09754949 -0.09754723 -0.2901664 0.02857893 0.9565494 -0.9527184 0.09383487 -0.2890033 -0.4708899 0.04637885 0.880972 -0.8786128 0.08653587 -0.4696287 -0.6331579 0.06236135 0.7715064 -0.7707804 0.07591539 -0.6325618 -0.7707805 0.07591533 0.6325619 -0.6331577 0.0623607 -0.7715068 -0.9161059 0.2778977 -0.2890033 -0.4527944 0.1373532 0.8809719 -0.8448485 0.2562809 -0.4696288 -0.6088255 0.184686 0.7715068 -0.7411597 0.2248285 -0.6325619 -0.7411596 0.2248291 0.6325617 -0.6088263 0.1846849 -0.7715065 -0.844848 0.2562827 0.4696289 -0.4527942 0.1373539 -0.8809718 -0.9161055 0.2778989 0.2890035 -0.2790147 0.08463853 -0.9565497 -0.9523765 0.2889007 0.09754747 -0.9523764 0.2889011 -0.09754711 -0.2790157 0.08463829 0.9565494 -0.4172976 0.2230502 -0.8809718 -0.8442881 0.451281 0.2890036 -0.2571414 0.1374451 -0.9565497 -0.8777152 0.4691487 0.09754735 -0.8777148 0.4691499 -0.09754675 -0.2571434 0.1374453 0.9565491 -0.8442876 0.4512822 -0.2890031 -0.4172971 0.2230506 0.880972 -0.7786164 0.4161794 -0.4696288 -0.5610968 0.2999132 0.7715067 -0.6830568 0.3651019 -0.6325615 -0.6830568 0.3651009 0.6325621 -0.5610974 0.2999126 -0.7715066 -0.7786164 0.4161794 0.4696289 -0.3657636 0.300175 0.8809723 -0.6824632 0.5600828 -0.469629 -0.4918048 0.4036149 0.7715072 -0.5987043 0.4913442 -0.6325616 -0.5987043 0.491344 0.6325616 -0.4918061 0.4036144 -0.7715064 -0.6824624 0.5600838 0.4696288 -0.3657649 0.3001751 -0.8809717 -0.7400248 0.6073223 0.2890034 -0.2253861 0.1849702 -0.9565497 -0.7693238 0.631368 0.09754699 -0.7693234 0.6313684 -0.09754735 -0.2253854 0.1849703 0.9565498 -0.7400246 0.6073226 -0.2890033 -0.6073222 0.7400248 0.2890036 -0.184971 0.2253866 -0.9565493 -0.6313678 0.769324 0.09754782 -0.6313674 0.7693244 -0.09754645 -0.184971 0.2253869 0.9565493 -0.6073223 0.7400248 -0.2890033 -0.3001742 0.3657643 0.8809722 -0.5600832 0.6824628 -0.4696292 -0.4036137 0.491806 0.7715069 -0.4913436 0.5987045 -0.6325619 -0.4913441 0.5987051 0.632561 -0.4036149 0.4918057 -0.7715064 -0.5600826 0.6824635 0.4696287 -0.3001756 0.3657645 -0.8809717 -0.4161795 0.7786164 -0.4696288 -0.2999124 0.5610968 0.771507 -0.3651008 0.683057 -0.6325619 -0.3651019 0.683057 0.6325613 -0.2999128 0.5610969 -0.7715069 -0.4161785 0.7786167 0.469629 -0.2230495 0.4172979 -0.8809719 -0.4512812 0.844288 0.2890037 -0.1374453 0.2571418 -0.9565495 -0.4691481 0.8777157 0.09754699 -0.469148 0.8777157 -0.09754669 -0.1374458 0.2571418 0.9565494 -0.4512813 0.8442884 -0.2890027 -0.2230497 0.4172973 0.8809722 -0.08463901 0.2790151 -0.9565495 -0.2889 0.9523769 0.09754621 -0.2888997 0.9523769 -0.09754735 -0.08463782 0.2790151 0.9565495 -0.2778975 0.9161059 -0.2890037 -0.1373537 0.4527942 0.8809719 -0.2562813 0.8448478 -0.4696298 -0.1846852 0.6088255 0.771507 -0.224828 0.7411604 -0.6325613 -0.2248287 0.7411596 0.6325619 -0.1846849 0.6088261 -0.7715066 -0.2562819 0.8448483 0.4696286 -0.1373524 0.4527946 -0.8809719 -0.2778974 0.9161064 0.2890021 -0.07591778 0.7707793 -0.6325629 -0.07591497 0.7707808 0.6325615 -0.06236046 0.6331571 -0.7715072 -0.08653908 0.8786122 0.4696292 -0.04637867 0.4708904 -0.8809718 -0.0938344 0.9527182 0.2890037 -0.02857804 0.2901661 -0.9565496 -0.09755253 0.9904384 0.09754711 -0.09755551 0.9904378 -0.09754967 -0.02857989 0.2901661 0.9565495 -0.0938372 0.9527172 -0.2890059 -0.04637908 0.4708904 0.8809717 -0.08653581 0.8786143 -0.4696261 -0.06236457 0.6331572 0.7715067</float_array>
          <technique_common>
            <accessor source="#Sphere-mesh-normals-array" count="1842" stride="3">
              <param name="X" type="float"/>
              <param name="Y" type="float"/>
              <param name="Z" type="float"/>
            </accessor>
          </technique_common>
        </source>
        <source id="Sphere-mesh-map-0">
          <float_array id="Sphere-mesh-map-0-array" count="5760">0.75 0.7500001 0.71875 0.8125 0.71875 0.7500001 0.75 0.2499999 0.71875 0.3125 0.71875 0.25 0.75 0.7500001 0.71875 0.6875 0.75 0.6875 0.75 0.2499999 0.71875 0.1875 0.75 0.1874998 0.75 0.6250001 0.71875 0.6875 0.71875 0.6250001 0.75 0.1874998 0.71875 0.125 0.75 0.125 0.75 0.5625 0.71875 0.6250001 0.71875 0.5625 0.75 0.125 0.71875 0.06249994 0.75 0.06249988 0.75 0.5625 0.71875 0.5 0.75 0.5 0.75 0.9375001 0.734375 1 0.71875 0.9375001 0.734375 0 0.75 0.06249988 0.71875 0.06249994 0.75 0.5 0.71875 0.4375 0.75 0.4375 0.75 0.8750001 0.71875 0.9375001 0.71875 0.875 0.75 0.4375 0.71875 0.375 0.75 0.375 0.75 0.8125 0.71875 0.875 0.71875 0.8125 0.75 0.375 0.71875 0.3125 0.75 0.3125001 0.71875 0.4375 0.6875 0.375 0.71875 0.375 0.71875 0.875 0.6875 0.8125 0.71875 0.8125 0.71875 0.3125 0.6875 0.375 0.6875 0.3125 0.71875 0.8125 0.6875 0.7500001 0.71875 0.7500001 0.71875 0.25 0.6875 0.3125 0.6875 0.25 0.71875 0.7500001 0.6875 0.6875 0.71875 0.6875 0.71875 0.1875 0.6875 0.25 0.6875 0.1875 0.71875 0.6875 0.6875 0.625 0.71875 0.6250001 0.71875 0.125 0.6875 0.1875 0.6875 0.125 0.71875 0.5625 0.6875 0.625 0.6875 0.5625 0.71875 0.125 0.6875 0.06249994 0.71875 0.06249994 0.71875 0.5625 0.6875 0.5 0.71875 0.5 0.71875 0.9375001 0.703125 1 0.6875 0.9375001 0.703125 0 0.71875 0.06249994 0.6875 0.06249994 0.71875 0.5 0.6875 0.4375 0.71875 0.4375 0.71875 0.9375001 0.6875 0.875 0.71875 0.875 0.6875 0.125 0.65625 0.1875 0.65625 0.125 0.6875 0.5625 0.65625 0.6250001 0.65625 0.5625 0.6875 0.06249994 0.65625 0.125 0.65625 0.06249994 0.6875 0.5 0.65625 0.5625 0.65625 0.5 0.6875 0.9375001 0.671875 1 0.65625 0.9375001 0.671875 0 0.6875 0.06249994 0.65625 0.06249994 0.6875 0.5 0.65625 0.4375 0.6875 0.4375 0.6875 0.9375001 0.65625 0.875 0.6875 0.875 0.6875 0.4375 0.65625 0.375 0.6875 0.375 0.6875 0.875 0.65625 0.8125 0.6875 0.8125 0.6875 0.3125 0.65625 0.375 0.65625 0.3125 0.6875 0.8125 0.65625 0.7500001 0.6875 0.7500001 0.6875 0.25 0.65625 0.3125 0.65625 0.25 0.6875 0.7500001 0.65625 0.6875 0.6875 0.6875 0.6875 0.1875 0.65625 0.25 0.65625 0.1875 0.6875 0.6875 0.65625 0.6250001 0.6875 0.625 0.65625 0.3125 0.625 0.375 0.625 0.3125 0.65625 0.8125 0.625 0.75 0.65625 0.7500001 0.65625 0.3125 0.625 0.25 0.65625 0.25 0.65625 0.6875 0.625 0.75 0.625 0.6875001 0.65625 0.1875 0.625 0.25 0.625 0.1875 0.65625 0.6875 0.625 0.6250001 0.65625 0.6250001 0.65625 0.125 0.625 0.1875 0.625 0.125 0.65625 0.5625 0.625 0.6250001 0.625 0.5625 0.65625 0.06249994 0.625 0.125 0.625 0.06249994 0.65625 0.5 0.625 0.5625 0.625 0.5 0.65625 0.9375001 0.640625 1 0.625 0.9375001 0.640625 0 0.65625 0.06249994 0.625 0.06249994 0.65625 0.5 0.625 0.4375 0.65625 0.4375 0.65625 0.9375001 0.625 0.875 0.65625 0.875 0.65625 0.4375 0.625 0.375 0.65625 0.375 0.65625 0.875 0.625 0.8125 0.65625 0.8125 0.625 0.125 0.59375 0.06249994 0.625 0.06249994 0.625 0.5 0.59375 0.5625 0.59375 0.5 0.625 0.9375001 0.609375 1 0.59375 0.9375001 0.609375 0 0.625 0.06249994 0.59375 0.06249994 0.625 0.5 0.59375 0.4375 0.625 0.4375 0.625 0.875 0.59375 0.9375001 0.59375 0.875 0.625 0.4375 0.59375 0.375 0.625 0.375 0.625 0.8125 0.59375 0.875 0.59375 0.8125 0.625 0.3125 0.59375 0.375 0.59375 0.3125 0.625 0.8125 0.59375 0.7500001 0.625 0.75 0.625 0.3125 0.59375 0.25 0.625 0.25 0.625 0.6875001 0.59375 0.7500001 0.59375 0.6875 0.625 0.1875 0.59375 0.25 0.59375 0.1875 0.625 0.6875001 0.59375 0.6250001 0.625 0.6250001 0.625 0.1875 0.59375 0.125 0.625 0.125 0.625 0.5625 0.59375 0.6250001 0.59375 0.5625 0.59375 0.8125 0.5625 0.7500001 0.59375 0.7500001 0.59375 0.3125 0.5625 0.25 0.59375 0.25 0.59375 0.6875 0.5625 0.7500001 0.5625 0.6875 0.59375 0.1875 0.5625 0.25 0.5625 0.1875 0.59375 0.6875 0.5625 0.6250001 0.59375 0.6250001 0.59375 0.125 0.5625 0.1875 0.5625 0.125 0.59375 0.5625 0.5625 0.6250001 0.5625 0.5625 0.59375 0.06249994 0.5625 0.125 0.5625 0.06249994 0.59375 0.5 0.5625 0.5625 0.5625 0.5 0.59375 0.9375001 0.578125 1 0.5625 0.9375001 0.578125 0 0.59375 0.06249994 0.5625 0.06249994 0.59375 0.5 0.5625 0.4375 0.59375 0.4375 0.59375 0.9375001 0.5625 0.875 0.59375 0.875 0.59375 0.4375 0.5625 0.375 0.59375 0.375 0.59375 0.875 0.5625 0.8125 0.59375 0.8125 0.59375 0.3125 0.5625 0.375 0.5625 0.3125 0.5625 0.5 0.53125 0.5625 0.53125 0.5 0.5625 0.9375001 0.546875 1 0.53125 0.9375001 0.546875 0 0.5625 0.06249994 0.53125 0.06249994 0.5625 0.5 0.53125 0.4375 0.5625 0.4375 0.5625 0.9375001 0.53125 0.875 0.5625 0.875 0.5625 0.4375 0.53125 0.375 0.5625 0.375 0.5625 0.8125 0.53125 0.875 0.53125 0.8125 0.5625 0.3125 0.53125 0.375 0.53125 0.3125 0.5625 0.8125 0.53125 0.7500001 0.5625 0.7500001 0.5625 0.3125 0.53125 0.25 0.5625 0.25 0.5625 0.6875 0.53125 0.7500001 0.53125 0.6875001 0.5625 0.1875 0.53125 0.25 0.53125 0.1875 0.5625 0.6875 0.53125 0.6250001 0.5625 0.6250001 0.5625 0.1875 0.53125 0.125 0.5625 0.125 0.5625 0.5625 0.53125 0.6250001 0.53125 0.5625 0.5625 0.125 0.53125 0.06249994 0.5625 0.06249994 0.53125 0.3125 0.5 0.25 0.53125 0.25 0.53125 0.6875001 0.5 0.7500001 0.5 0.6875001 0.53125 0.1875 0.5 0.25 0.5 0.1875 0.53125 0.6875001 0.5 0.6250001 0.53125 0.6250001 0.53125 0.125 0.5 0.1875 0.5 0.125 0.53125 0.5625 0.5 0.6250001 0.5 0.5625 0.53125 0.125 0.5 0.06249994 0.53125 0.06249994 0.53125 0.5 0.5 0.5625 0.5 0.5 0.53125 0.9375001 0.515625 1 0.5 0.9375001 0.515625 0 0.53125 0.06249994 0.5 0.06249994 0.53125 0.5 0.5 0.4375 0.53125 0.4375 0.53125 0.9375001 0.5 0.875 0.53125 0.875 0.53125 0.4375 0.5 0.375 0.53125 0.375 0.53125 0.875 0.5 0.8125 0.53125 0.8125 0.53125 0.3125 0.5 0.375 0.5 0.3125 0.53125 0.8125 0.5 0.7500001 0.53125 0.7500001 0.5 0.9375001 0.484375 1 0.46875 0.9375001 0.484375 0 0.5 0.06249994 0.46875 0.06249994 0.5 0.5 0.46875 0.4375 0.5 0.4375 0.5 0.875 0.46875 0.9375001 0.46875 0.875 0.5 0.4375 0.46875 0.375 0.5 0.375 0.5 0.8125 0.46875 0.875 0.46875 0.8125 0.5 0.3125 0.46875 0.375 0.46875 0.3125 0.5 0.8125 0.46875 0.7500001 0.5 0.7500001 0.5 0.3125 0.46875 0.25 0.5 0.25 0.5 0.6875001 0.46875 0.7500001 0.46875 0.6875001 0.5 0.1875 0.46875 0.25 0.46875 0.1875 0.5 0.6875001 0.46875 0.6250001 0.5 0.6250001 0.5 0.1875 0.46875 0.125 0.5 0.125 0.5 0.5625 0.46875 0.6250001 0.46875 0.5625 0.5 0.125 0.46875 0.06249994 0.5 0.06249994 0.5 0.5 0.46875 0.5625 0.46875 0.5 0.46875 0.6875001 0.4375 0.7500001 0.4375 0.6875001 0.46875 0.1875 0.4375 0.25 0.4375 0.1875 0.46875 0.6875001 0.4375 0.6250001 0.46875 0.6250001 0.46875 0.125 0.4375 0.1875 0.4375 0.125 0.46875 0.5625 0.4375 0.6250001 0.4375 0.5625 0.46875 0.125 0.4375 0.06249994 0.46875 0.06249994 0.46875 0.5 0.4375 0.5625 0.4375 0.5 0.46875 0.9375001 0.453125 1 0.4375 0.9375001 0.453125 0 0.46875 0.06249994 0.4375 0.06249994 0.46875 0.5 0.4375 0.4375 0.46875 0.4375 0.46875 0.9375001 0.4375 0.875 0.46875 0.875 0.46875 0.4375 0.4375 0.375 0.46875 0.375 0.46875 0.875 0.4375 0.8125001 0.46875 0.8125 0.46875 0.3125 0.4375 0.375 0.4375 0.3125 0.46875 0.8125 0.4375 0.7500001 0.46875 0.7500001 0.46875 0.3125 0.4375 0.25 0.46875 0.25 0.4375 0.5 0.40625 0.4375 0.4375 0.4375 0.4375 0.9375001 0.40625 0.875 0.4375 0.875 0.4375 0.4375 0.40625 0.375 0.4375 0.375 0.4375 0.875 0.40625 0.8125001 0.4375 0.8125001 0.4375 0.3125 0.40625 0.375 0.40625 0.3125 0.4375 0.8125001 0.40625 0.7500001 0.4375 0.7500001 0.4375 0.3125 0.40625 0.25 0.4375 0.25 0.4375 0.6875001 0.40625 0.7500001 0.40625 0.6875001 0.4375 0.1875 0.40625 0.25 0.40625 0.1875 0.4375 0.6875001 0.40625 0.6250001 0.4375 0.6250001 0.4375 0.125 0.40625 0.1875 0.40625 0.125 0.4375 0.5625 0.40625 0.6250001 0.40625 0.5625 0.4375 0.06249994 0.40625 0.125 0.40625 0.06249994 0.4375 0.5 0.40625 0.5625 0.40625 0.5 0.4375 0.9375001 0.421875 1 0.40625 0.9375001 0.421875 0 0.4375 0.06249994 0.40625 0.06249994 0.40625 0.1875 0.375 0.25 0.375 0.1875 0.40625 0.6875001 0.375 0.6250001 0.40625 0.6250001 0.40625 0.125 0.375 0.1875 0.375 0.125 0.40625 0.5625 0.375 0.6250001 0.375 0.5625 0.40625 0.06249994 0.375 0.125 0.375 0.06249994 0.40625 0.5 0.375 0.5625 0.375 0.5 0.40625 0.9375001 0.390625 1 0.375 0.9375001 0.390625 0 0.40625 0.06249994 0.375 0.06249994 0.40625 0.5 0.375 0.4375 0.40625 0.4375 0.40625 0.9375001 0.375 0.875 0.40625 0.875 0.40625 0.4375 0.375 0.375 0.40625 0.375 0.40625 0.875 0.375 0.8125001 0.40625 0.8125001 0.40625 0.3125 0.375 0.375 0.375 0.3125 0.40625 0.8125001 0.375 0.7500001 0.40625 0.7500001 0.40625 0.3125 0.375 0.25 0.40625 0.25 0.40625 0.6875001 0.375 0.7500001 0.375 0.6875001 0.375 0.4375 0.34375 0.375 0.375 0.375 0.375 0.8125001 0.34375 0.875 0.34375 0.8125001 0.375 0.3125 0.34375 0.375 0.34375 0.3125 0.375 0.8125001 0.34375 0.7500001 0.375 0.7500001 0.375 0.3125 0.34375 0.25 0.375 0.25 0.375 0.6875001 0.34375 0.7500001 0.34375 0.6875001 0.375 0.1875 0.34375 0.25 0.34375 0.1875 0.375 0.6875001 0.34375 0.6250001 0.375 0.6250001 0.375 0.1875 0.34375 0.125 0.375 0.125 0.375 0.5625 0.34375 0.6250001 0.34375 0.5625 0.375 0.125 0.34375 0.06249994 0.375 0.06249994 0.375 0.5 0.34375 0.5625 0.34375 0.5 0.375 0.9375001 0.359375 1 0.34375 0.9375001 0.359375 0 0.375 0.06249994 0.34375 0.06249994 0.375 0.5 0.34375 0.4375 0.375 0.4375 0.375 0.875 0.34375 0.9375001 0.34375 0.875 0.34375 0.125 0.3125 0.1875 0.3125 0.125 0.34375 0.5625 0.3125 0.6250001 0.3125 0.5625 0.34375 0.06249994 0.3125 0.125 0.3125 0.06249994 0.34375 0.5 0.3125 0.5625 0.3125 0.5 0.34375 0.9375001 0.328125 1 0.3125 0.9375001 0.328125 0 0.34375 0.06249994 0.3125 0.06249994 0.34375 0.5 0.3125 0.4375 0.34375 0.4375 0.34375 0.9375001 0.3125 0.875 0.34375 0.875 0.34375 0.4375 0.3125 0.375 0.34375 0.375 0.34375 0.875 0.3125 0.8125001 0.34375 0.8125001 0.34375 0.3125 0.3125 0.375 0.3125 0.3125 0.34375 0.8125001 0.3125 0.7500001 0.34375 0.7500001 0.34375 0.3125 0.3125 0.25 0.34375 0.25 0.34375 0.6875001 0.3125 0.7500001 0.3125 0.6875001 0.34375 0.1875 0.3125 0.25 0.3125 0.1875 0.34375 0.6875001 0.3125 0.6250001 0.34375 0.6250001 0.3125 0.875 0.28125 0.8125001 0.3125 0.8125001 0.3125 0.3125 0.28125 0.375 0.28125 0.3125 0.3125 0.8125001 0.28125 0.7500001 0.3125 0.7500001 0.3125 0.3125 0.28125 0.25 0.3125 0.25 0.3125 0.6875001 0.28125 0.7500001 0.28125 0.6875001 0.3125 0.1875 0.28125 0.25 0.28125 0.1875 0.3125 0.6875001 0.28125 0.6250001 0.3125 0.6250001 0.3125 0.125 0.28125 0.1875 0.28125 0.125 0.3125 0.5625 0.28125 0.6250001 0.28125 0.5625 0.3125 0.06249994 0.28125 0.125 0.28125 0.06249994 0.3125 0.5 0.28125 0.5625 0.28125 0.5 0.3125 0.9375001 0.296875 1 0.28125 0.9375001 0.296875 0 0.3125 0.06249994 0.28125 0.06249994 0.3125 0.5 0.28125 0.4375 0.3125 0.4375 0.3125 0.9375001 0.28125 0.875 0.3125 0.875 0.3125 0.4375 0.28125 0.375 0.3125 0.375 0.28125 0.5625 0.25 0.6250001 0.25 0.5625 0.28125 0.125 0.25 0.06249994 0.28125 0.06249994 0.28125 0.5 0.25 0.5625 0.25 0.5 0.28125 0.9375001 0.265625 1 0.25 0.9375001 0.265625 0 0.28125 0.06249994 0.25 0.06249994 0.28125 0.5 0.25 0.4375 0.28125 0.4375 0.28125 0.875 0.25 0.9375001 0.25 0.875 0.28125 0.4375 0.25 0.375 0.28125 0.375 0.28125 0.875 0.25 0.8125001 0.28125 0.8125001 0.28125 0.3125 0.25 0.375 0.25 0.3125 0.28125 0.8125001 0.25 0.7500001 0.28125 0.7500001 0.28125 0.3125 0.25 0.25 0.28125 0.25 0.28125 0.6875001 0.25 0.7500001 0.25 0.6875001 0.28125 0.1875 0.25 0.25 0.25 0.1875 0.28125 0.6875001 0.25 0.6250001 0.28125 0.6250001 0.28125 0.125 0.25 0.1875 0.25 0.125 0.25 0.3125 0.21875 0.375 0.21875 0.3125 0.25 0.8125001 0.21875 0.7500001 0.25 0.7500001 0.25 0.3125 0.21875 0.25 0.25 0.25 0.25 0.6875001 0.21875 0.7500001 0.21875 0.6875001 0.25 0.1875 0.21875 0.25 0.21875 0.1875 0.25 0.6875001 0.21875 0.6250001 0.25 0.6250001 0.25 0.1875 0.21875 0.125 0.25 0.125 0.25 0.5625 0.21875 0.6250001 0.21875 0.5625 0.25 0.125 0.21875 0.06249994 0.25 0.06249994 0.25 0.5 0.21875 0.5625 0.2187499 0.5 0.25 0.9375001 0.234375 1 0.21875 0.9375001 0.234375 0 0.25 0.06249994 0.21875 0.06249994 0.25 0.5 0.21875 0.4375 0.25 0.4375 0.25 0.875 0.21875 0.9375001 0.21875 0.875 0.25 0.4375 0.21875 0.375 0.25 0.375 0.25 0.8125001 0.21875 0.875 0.21875 0.8125001 0.21875 0.125 0.1875 0.06249994 0.21875 0.06249994 0.2187499 0.5 0.1875 0.5625 0.1875 0.5 0.21875 0.9375001 0.203125 1 0.1875 0.9375001 0.203125 0 0.21875 0.06249994 0.1875 0.06249994 0.2187499 0.5 0.1875 0.4375 0.21875 0.4375 0.21875 0.875 0.1875 0.9375001 0.1875 0.875 0.21875 0.4375 0.1875 0.375 0.21875 0.375 0.21875 0.875 0.1875 0.8125001 0.21875 0.8125001 0.21875 0.3125 0.1875 0.375 0.1875 0.3125 0.21875 0.8125001 0.1875 0.7500001 0.21875 0.7500001 0.21875 0.3125 0.1875 0.25 0.21875 0.25 0.21875 0.6875001 0.1875 0.7500001 0.1875 0.6875001 0.21875 0.1875 0.1875 0.25 0.1875 0.1875 0.21875 0.6875001 0.1875 0.6250001 0.21875 0.6250001 0.21875 0.125 0.1875 0.1875 0.1875 0.125 0.21875 0.5625 0.1875 0.6250001 0.1875 0.5625 0.1875 0.8125001 0.15625 0.7500001 0.1875 0.7500001 0.1875 0.3125 0.15625 0.25 0.1875 0.25 0.1875 0.6875001 0.15625 0.7500001 0.15625 0.6875001 0.1875 0.1875 0.15625 0.25 0.15625 0.1874999 0.1875 0.6875001 0.15625 0.6250001 0.1875 0.6250001 0.1875 0.1875 0.15625 0.125 0.1875 0.125 0.1875 0.5625 0.15625 0.6250001 0.15625 0.5625 0.1875 0.125 0.15625 0.06249994 0.1875 0.06249994 0.1875 0.5 0.15625 0.5625 0.1562499 0.5 0.1875 0.9375001 0.171875 1 0.15625 0.9375001 0.171875 0 0.1875 0.06249994 0.15625 0.06249994 0.1875 0.5 0.15625 0.4375 0.1875 0.4375 0.1875 0.9375001 0.15625 0.875 0.1875 0.875 0.1875 0.4375 0.15625 0.375 0.1875 0.375 0.1875 0.875 0.15625 0.8125001 0.1875 0.8125001 0.1875 0.3125 0.15625 0.375 0.15625 0.3125 0.1562499 0.5 0.125 0.5625 0.1249999 0.5 0.15625 0.9375001 0.140625 1 0.125 0.9375001 0.140625 0 0.15625 0.06249994 0.125 0.06249994 0.1562499 0.5 0.125 0.4375 0.15625 0.4375 0.15625 0.9375001 0.125 0.875 0.15625 0.875 0.15625 0.4375 0.125 0.375 0.15625 0.375 0.15625 0.8125001 0.125 0.875 0.125 0.8125001 0.15625 0.3125 0.125 0.375 0.125 0.3125 0.15625 0.8125001 0.125 0.7500001 0.15625 0.7500001 0.15625 0.3125 0.125 0.25 0.15625 0.25 0.15625 0.6875001 0.125 0.7500001 0.125 0.6875001 0.15625 0.1874999 0.125 0.25 0.125 0.1874999 0.15625 0.6875001 0.125 0.6250001 0.15625 0.6250001 0.15625 0.1874999 0.125 0.125 0.15625 0.125 0.15625 0.5625 0.125 0.6250001 0.125 0.5625 0.15625 0.06249994 0.125 0.125 0.125 0.06249994 0.125 0.3125 0.09375 0.2499999 0.125 0.25 0.125 0.6875001 0.09375 0.7500001 0.09375 0.6875001 0.125 0.1874999 0.09375 0.2499999 0.09374994 0.1874999 0.125 0.6875001 0.09375 0.6250001 0.125 0.6250001 0.125 0.1874999 0.09375 0.125 0.125 0.125 0.125 0.5625 0.09375 0.6250001 0.09374994 0.5625 0.125 0.125 0.09375 0.06249994 0.125 0.06249994 0.1249999 0.5 0.09374994 0.5625 0.09374994 0.5 0.125 0.9375001 0.109375 1 0.09375 0.9375001 0.109375 0 0.125 0.06249994 0.09375 0.06249994 0.1249999 0.5 0.09374994 0.4375 0.125 0.4375 0.125 0.875 0.09375 0.9375001 0.09375 0.875 0.125 0.4375 0.09375 0.375 0.125 0.375 0.125 0.8125001 0.09375 0.875 0.09374994 0.8125001 0.125 0.3125 0.09375 0.375 0.09375 0.3125 0.125 0.8125001 0.09375 0.7500001 0.125 0.7500001 0.078125 0 0.09375 0.06249994 0.0625 0.06249994 0.09374994 0.5 0.0625 0.4375 0.09374994 0.4375 0.09375 0.9375001 0.0625 0.875 0.09375 0.875 0.09374994 0.4375 0.0625 0.375 0.09375 0.375 0.09375 0.875 0.0625 0.8125001 0.09374994 0.8125001 0.09375 0.3125 0.0625 0.375 0.0625 0.3124999 0.09374994 0.8125001 0.0625 0.7500001 0.09375 0.7500001 0.09375 0.3125 0.0625 0.25 0.09375 0.2499999 0.09375 0.6875001 0.0625 0.7500001 0.0625 0.6875001 0.09374994 0.1874999 0.0625 0.25 0.0625 0.1874999 0.09375 0.6875001 0.0625 0.6250001 0.09375 0.6250001 0.09374994 0.1874999 0.0625 0.125 0.09375 0.125 0.09374994 0.5625 0.0625 0.6250001 0.0625 0.5625 0.09375 0.06249994 0.0625 0.125 0.0625 0.06249994 0.09374994 0.5 0.0625 0.5625 0.06249994 0.5 0.09375 0.9375001 0.078125 1 0.0625 0.9375001 0.0625 0.1874999 0.03125 0.25 0.03124994 0.1874999 0.0625 0.6875001 0.03125 0.6250001 0.0625 0.6250001 0.0625 0.1874999 0.03124994 0.125 0.0625 0.125 0.0625 0.5625 0.03125 0.6250001 0.03124994 0.5625 0.0625 0.06249994 0.03124994 0.125 0.03125 0.06249994 0.06249994 0.5 0.03124994 0.5625 0.03124994 0.5 0.0625 0.9375001 0.04687494 1 0.03125 0.9375001 0.04687494 0 0.0625 0.06249994 0.03125 0.06249994 0.06249994 0.5 0.03124994 0.4375 0.0625 0.4375 0.0625 0.9375001 0.03124994 0.8750001 0.0625 0.875 0.0625 0.4375 0.03125 0.375 0.0625 0.375 0.0625 0.8125001 0.03124994 0.8750001 0.03124994 0.8125001 0.0625 0.3124999 0.03125 0.375 0.03124994 0.3125 0.0625 0.8125001 0.03125 0.7500001 0.0625 0.7500001 0.0625 0.3124999 0.03125 0.25 0.0625 0.25 0.0625 0.6875001 0.03125 0.7500001 0.03124994 0.6875001 0.03125 0.9375001 0 0.8750001 0.03124994 0.8750001 0.03124994 0.4375 0 0.375 0.03125 0.375 0.03124994 0.8125001 0 0.8750001 0 0.8125001 0.03124994 0.3125 0 0.375 0 0.3125 0.03124994 0.8125001 0 0.7500001 0.03125 0.7500001 0.03124994 0.3125 0 0.2499999 0.03125 0.25 0.03124994 0.6875001 0 0.7500001 0 0.6875001 0.03124994 0.1874999 0 0.2499999 0 0.1874999 0.03124994 0.6875001 0 0.6250001 0.03125 0.6250001 0.03124994 0.1874999 0 0.125 0.03124994 0.125 0.03124994 0.5625 0 0.6250001 0 0.5625 0.03125 0.06249994 0 0.125 0 0.06249994 0.03124994 0.5 0 0.5625 0 0.5 0.03125 0.9375001 0.015625 1 0 0.9375001 0.015625 0 0.03125 0.06249994 0 0.06249994 0.03124994 0.5 0 0.4375 0.03124994 0.4375 1 0.6875001 0.96875 0.6250001 1 0.6250001 1 0.1874999 0.96875 0.125 1 0.125 1 0.5625 0.96875 0.6250001 0.96875 0.5625 1 0.125 0.96875 0.06249994 1 0.06249994 1 0.5 0.96875 0.5625 0.9687499 0.5 1 0.9375001 0.984375 1 0.96875 0.9375001 0.984375 0 1 0.06249994 0.96875 0.06249994 1 0.5 0.96875 0.4375 1 0.4375 1 0.8750001 0.96875 0.9375001 0.96875 0.8750001 1 0.4375 0.96875 0.375 1 0.375 1 0.8125001 0.96875 0.8750001 0.96875 0.8125001 1 0.3125 0.96875 0.375 0.96875 0.3124999 1 0.8125001 0.96875 0.7500001 1 0.7500001 1 0.3125 0.96875 0.2499999 1 0.2499999 1 0.6875001 0.96875 0.7500001 0.96875 0.6875001 1 0.1874999 0.96875 0.2499999 0.96875 0.1874999 0.96875 0.4375 0.9375 0.375 0.96875 0.375 0.96875 0.8125001 0.9375 0.8750001 0.9375 0.8125001 0.96875 0.3124999 0.9375 0.375 0.9375 0.3124999 0.96875 0.8125001 0.9375 0.7500001 0.96875 0.7500001 0.96875 0.3124999 0.9375 0.2499999 0.96875 0.2499999 0.96875 0.6875001 0.9375 0.7500001 0.9375 0.6875001 0.96875 0.1874999 0.9375 0.2499999 0.9375 0.1874999 0.96875 0.6875001 0.9375 0.6250001 0.96875 0.6250001 0.96875 0.1874999 0.9375 0.125 0.96875 0.125 0.96875 0.5625 0.9375 0.6250001 0.9375 0.5625001 0.96875 0.125 0.9375 0.06249994 0.96875 0.06249994 0.9687499 0.5 0.9375 0.5625001 0.9374999 0.5 0.96875 0.9375001 0.953125 1 0.9375 0.9375001 0.953125 0 0.96875 0.06249994 0.9375 0.06249994 0.9687499 0.5 0.9375 0.4375 0.96875 0.4375 0.96875 0.8750001 0.9375 0.9375001 0.9375 0.8750001 0.9375 0.1874999 0.90625 0.125 0.9375 0.125 0.9375 0.5625001 0.90625 0.6250001 0.90625 0.5625001 0.9375 0.06249994 0.90625 0.125 0.90625 0.06249994 0.9374999 0.5 0.90625 0.5625001 0.90625 0.5 0.9375 0.9375001 0.921875 1 0.90625 0.9375001 0.921875 0 0.9375 0.06249994 0.90625 0.06249994 0.9374999 0.5 0.90625 0.4375 0.9375 0.4375 0.9375 0.9375001 0.90625 0.8750001 0.9375 0.8750001 0.9375 0.4375 0.90625 0.375 0.9375 0.375 0.9375 0.8125001 0.90625 0.8750001 0.90625 0.8125001 0.9375 0.3124999 0.90625 0.375 0.90625 0.3124999 0.9375 0.8125001 0.90625 0.7500001 0.9375 0.7500001 0.9375 0.3124999 0.90625 0.2499999 0.9375 0.2499999 0.9375 0.6875001 0.90625 0.7500001 0.90625 0.6875001 0.9375 0.1874999 0.90625 0.2499999 0.90625 0.1874999 0.9375 0.6875001 0.90625 0.6250001 0.9375 0.6250001 0.90625 0.8125001 0.875 0.8750001 0.8749999 0.8125001 0.90625 0.3124999 0.875 0.375 0.875 0.3124999 0.90625 0.8125001 0.875 0.7500001 0.90625 0.7500001 0.90625 0.3124999 0.875 0.2499999 0.90625 0.2499999 0.90625 0.6875001 0.875 0.7500001 0.875 0.6875001 0.90625 0.1874999 0.875 0.2499999 0.8749999 0.1874999 0.90625 0.6875001 0.875 0.6250001 0.90625 0.6250001 0.90625 0.1874999 0.875 0.125 0.90625 0.125 0.90625 0.5625001 0.875 0.6250001 0.875 0.5625001 0.90625 0.125 0.875 0.06249994 0.90625 0.06249994 0.90625 0.5 0.875 0.5625001 0.8749999 0.5 0.90625 0.9375001 0.890625 1 0.875 0.9375001 0.890625 0 0.90625 0.06249994 0.875 0.06249994 0.90625 0.5 0.875 0.4375 0.90625 0.4375 0.90625 0.9375001 0.875 0.8750001 0.90625 0.8750001 0.90625 0.4375 0.875 0.375 0.90625 0.375 0.875 0.5625001 0.84375 0.6250001 0.84375 0.5625001 0.875 0.06249994 0.84375 0.125 0.84375 0.06249994 0.8749999 0.5 0.84375 0.5625001 0.8437499 0.5 0.875 0.9375001 0.859375 1 0.84375 0.9375001 0.859375 0 0.875 0.06249994 0.84375 0.06249994 0.8749999 0.5 0.84375 0.4375 0.875 0.4375 0.875 0.9375001 0.84375 0.8750001 0.875 0.8750001 0.875 0.4375 0.84375 0.375 0.875 0.375 0.8749999 0.8125001 0.84375 0.8750001 0.84375 0.8125002 0.875 0.3124999 0.84375 0.375 0.84375 0.3124999 0.8749999 0.8125001 0.84375 0.7500001 0.875 0.7500001 0.875 0.3124999 0.84375 0.2499999 0.875 0.2499999 0.875 0.6875001 0.84375 0.7500001 0.84375 0.6875001 0.8749999 0.1874999 0.84375 0.2499999 0.84375 0.1874998 0.875 0.6875001 0.84375 0.6250001 0.875 0.6250001 0.8749999 0.1874999 0.84375 0.125 0.875 0.125 0.84375 0.3124999 0.8125 0.375 0.8125 0.3124999 0.84375 0.8125002 0.8125 0.7500001 0.84375 0.7500001 0.84375 0.3124999 0.8125 0.2499999 0.84375 0.2499999 0.84375 0.6875001 0.8125 0.7500001 0.8125 0.6875001 0.84375 0.1874998 0.8125 0.2499999 0.8125 0.1874998 0.84375 0.6875001 0.8125 0.6250001 0.84375 0.6250001 0.84375 0.1874998 0.8125 0.125 0.84375 0.125 0.84375 0.5625001 0.8125 0.6250001 0.8125 0.5625001 0.84375 0.125 0.8125 0.06249988 0.84375 0.06249994 0.8437499 0.5 0.8125 0.5625001 0.8125 0.5 0.84375 0.9375001 0.828125 1 0.8125 0.9375001 0.828125 0 0.84375 0.06249994 0.8125 0.06249988 0.8437499 0.5 0.8125 0.4375 0.84375 0.4375 0.84375 0.8750001 0.8125 0.9375001 0.8125 0.8750001 0.84375 0.4375 0.8125 0.375 0.84375 0.375 0.84375 0.8125002 0.8125 0.8750001 0.8125 0.8125002 0.8125 0.06249988 0.78125 0.125 0.78125 0.06249988 0.8125 0.5 0.78125 0.5625001 0.7812499 0.5 0.8125 0.9375001 0.796875 1 0.78125 0.9375001 0.796875 0 0.8125 0.06249988 0.78125 0.06249988 0.8125 0.5 0.78125 0.4375 0.8125 0.4375 0.8125 0.9375001 0.78125 0.8750001 0.8125 0.8750001 0.8125 0.4375 0.78125 0.375 0.8125 0.375 0.8125 0.8125002 0.78125 0.8750001 0.78125 0.8125002 0.8125 0.3124999 0.78125 0.375 0.78125 0.3124999 0.8125 0.8125002 0.78125 0.7500001 0.8125 0.7500001 0.8125 0.3124999 0.78125 0.25 0.8125 0.2499999 0.8125 0.6875001 0.78125 0.7500001 0.78125 0.6875001 0.8125 0.1874998 0.78125 0.25 0.78125 0.1874998 0.8125 0.6875001 0.78125 0.6250001 0.8125 0.6250001 0.8125 0.1874998 0.78125 0.125 0.8125 0.125 0.8125 0.5625001 0.78125 0.6250001 0.78125 0.5625001 0.78125 0.3124999 0.75 0.2499999 0.78125 0.25 0.78125 0.6875001 0.75 0.7500001 0.75 0.6875 0.78125 0.1874998 0.75 0.2499999 0.75 0.1874998 0.78125 0.6250001 0.75 0.6875 0.75 0.6250001 0.78125 0.1874998 0.75 0.125 0.78125 0.125 0.78125 0.5625001 0.75 0.6250001 0.75 0.5625 0.78125 0.125 0.75 0.06249988 0.78125 0.06249988 0.7812499 0.5 0.75 0.5625 0.75 0.5 0.78125 0.9375001 0.765625 1 0.75 0.9375001 0.765625 0 0.78125 0.06249988 0.75 0.06249988 0.7812499 0.5 0.75 0.4375 0.78125 0.4375 0.78125 0.9375001 0.75 0.8750001 0.78125 0.8750001 0.78125 0.4375 0.75 0.375 0.78125 0.375 0.78125 0.8125002 0.75 0.8750001 0.75 0.8125 0.78125 0.375 0.75 0.3125001 0.78125 0.3124999 0.78125 0.7500001 0.75 0.8125 0.75 0.7500001 0.75 0.7500001 0.75 0.8125 0.71875 0.8125 0.75 0.2499999 0.75 0.3125001 0.71875 0.3125 0.75 0.7500001 0.71875 0.7500001 0.71875 0.6875 0.75 0.2499999 0.71875 0.25 0.71875 0.1875 0.75 0.6250001 0.75 0.6875 0.71875 0.6875 0.75 0.1874998 0.71875 0.1875 0.71875 0.125 0.75 0.5625 0.75 0.6250001 0.71875 0.6250001 0.75 0.125 0.71875 0.125 0.71875 0.06249994 0.75 0.5625 0.71875 0.5625 0.71875 0.5 0.75 0.5 0.71875 0.5 0.71875 0.4375 0.75 0.8750001 0.75 0.9375001 0.71875 0.9375001 0.75 0.4375 0.71875 0.4375 0.71875 0.375 0.75 0.8125 0.75 0.8750001 0.71875 0.875 0.75 0.375 0.71875 0.375 0.71875 0.3125 0.71875 0.4375 0.6875 0.4375 0.6875 0.375 0.71875 0.875 0.6875 0.875 0.6875 0.8125 0.71875 0.3125 0.71875 0.375 0.6875 0.375 0.71875 0.8125 0.6875 0.8125 0.6875 0.7500001 0.71875 0.25 0.71875 0.3125 0.6875 0.3125 0.71875 0.7500001 0.6875 0.7500001 0.6875 0.6875 0.71875 0.1875 0.71875 0.25 0.6875 0.25 0.71875 0.6875 0.6875 0.6875 0.6875 0.625 0.71875 0.125 0.71875 0.1875 0.6875 0.1875 0.71875 0.5625 0.71875 0.6250001 0.6875 0.625 0.71875 0.125 0.6875 0.125 0.6875 0.06249994 0.71875 0.5625 0.6875 0.5625 0.6875 0.5 0.71875 0.5 0.6875 0.5 0.6875 0.4375 0.71875 0.9375001 0.6875 0.9375001 0.6875 0.875 0.6875 0.125 0.6875 0.1875 0.65625 0.1875 0.6875 0.5625 0.6875 0.625 0.65625 0.6250001 0.6875 0.06249994 0.6875 0.125 0.65625 0.125 0.6875 0.5 0.6875 0.5625 0.65625 0.5625 0.6875 0.5 0.65625 0.5 0.65625 0.4375 0.6875 0.9375001 0.65625 0.9375001 0.65625 0.875 0.6875 0.4375 0.65625 0.4375 0.65625 0.375 0.6875 0.875 0.65625 0.875 0.65625 0.8125 0.6875 0.3125 0.6875 0.375 0.65625 0.375 0.6875 0.8125 0.65625 0.8125 0.65625 0.7500001 0.6875 0.25 0.6875 0.3125 0.65625 0.3125 0.6875 0.7500001 0.65625 0.7500001 0.65625 0.6875 0.6875 0.1875 0.6875 0.25 0.65625 0.25 0.6875 0.6875 0.65625 0.6875 0.65625 0.6250001 0.65625 0.3125 0.65625 0.375 0.625 0.375 0.65625 0.8125 0.625 0.8125 0.625 0.75 0.65625 0.3125 0.625 0.3125 0.625 0.25 0.65625 0.6875 0.65625 0.7500001 0.625 0.75 0.65625 0.1875 0.65625 0.25 0.625 0.25 0.65625 0.6875 0.625 0.6875001 0.625 0.6250001 0.65625 0.125 0.65625 0.1875 0.625 0.1875 0.65625 0.5625 0.65625 0.6250001 0.625 0.6250001 0.65625 0.06249994 0.65625 0.125 0.625 0.125 0.65625 0.5 0.65625 0.5625 0.625 0.5625 0.65625 0.5 0.625 0.5 0.625 0.4375 0.65625 0.9375001 0.625 0.9375001 0.625 0.875 0.65625 0.4375 0.625 0.4375 0.625 0.375 0.65625 0.875 0.625 0.875 0.625 0.8125 0.625 0.125 0.59375 0.125 0.59375 0.06249994 0.625 0.5 0.625 0.5625 0.59375 0.5625 0.625 0.5 0.59375 0.5 0.59375 0.4375 0.625 0.875 0.625 0.9375001 0.59375 0.9375001 0.625 0.4375 0.59375 0.4375 0.59375 0.375 0.625 0.8125 0.625 0.875 0.59375 0.875 0.625 0.3125 0.625 0.375 0.59375 0.375 0.625 0.8125 0.59375 0.8125 0.59375 0.7500001 0.625 0.3125 0.59375 0.3125 0.59375 0.25 0.625 0.6875001 0.625 0.75 0.59375 0.7500001 0.625 0.1875 0.625 0.25 0.59375 0.25 0.625 0.6875001 0.59375 0.6875 0.59375 0.6250001 0.625 0.1875 0.59375 0.1875 0.59375 0.125 0.625 0.5625 0.625 0.6250001 0.59375 0.6250001 0.59375 0.8125 0.5625 0.8125 0.5625 0.7500001 0.59375 0.3125 0.5625 0.3125 0.5625 0.25 0.59375 0.6875 0.59375 0.7500001 0.5625 0.7500001 0.59375 0.1875 0.59375 0.25 0.5625 0.25 0.59375 0.6875 0.5625 0.6875 0.5625 0.6250001 0.59375 0.125 0.59375 0.1875 0.5625 0.1875 0.59375 0.5625 0.59375 0.6250001 0.5625 0.6250001 0.59375 0.06249994 0.59375 0.125 0.5625 0.125 0.59375 0.5 0.59375 0.5625 0.5625 0.5625 0.59375 0.5 0.5625 0.5 0.5625 0.4375 0.59375 0.9375001 0.5625 0.9375001 0.5625 0.875 0.59375 0.4375 0.5625 0.4375 0.5625 0.375 0.59375 0.875 0.5625 0.875 0.5625 0.8125 0.59375 0.3125 0.59375 0.375 0.5625 0.375 0.5625 0.5 0.5625 0.5625 0.53125 0.5625 0.5625 0.5 0.53125 0.5 0.53125 0.4375 0.5625 0.9375001 0.53125 0.9375001 0.53125 0.875 0.5625 0.4375 0.53125 0.4375 0.53125 0.375 0.5625 0.8125 0.5625 0.875 0.53125 0.875 0.5625 0.3125 0.5625 0.375 0.53125 0.375 0.5625 0.8125 0.53125 0.8125 0.53125 0.7500001 0.5625 0.3125 0.53125 0.3125 0.53125 0.25 0.5625 0.6875 0.5625 0.7500001 0.53125 0.7500001 0.5625 0.1875 0.5625 0.25 0.53125 0.25 0.5625 0.6875 0.53125 0.6875001 0.53125 0.6250001 0.5625 0.1875 0.53125 0.1875 0.53125 0.125 0.5625 0.5625 0.5625 0.6250001 0.53125 0.6250001 0.5625 0.125 0.53125 0.125 0.53125 0.06249994 0.53125 0.3125 0.5 0.3125 0.5 0.25 0.53125 0.6875001 0.53125 0.7500001 0.5 0.7500001 0.53125 0.1875 0.53125 0.25 0.5 0.25 0.53125 0.6875001 0.5 0.6875001 0.5 0.6250001 0.53125 0.125 0.53125 0.1875 0.5 0.1875 0.53125 0.5625 0.53125 0.6250001 0.5 0.6250001 0.53125 0.125 0.5 0.125 0.5 0.06249994 0.53125 0.5 0.53125 0.5625 0.5 0.5625 0.53125 0.5 0.5 0.5 0.5 0.4375 0.53125 0.9375001 0.5 0.9375001 0.5 0.875 0.53125 0.4375 0.5 0.4375 0.5 0.375 0.53125 0.875 0.5 0.875 0.5 0.8125 0.53125 0.3125 0.53125 0.375 0.5 0.375 0.53125 0.8125 0.5 0.8125 0.5 0.7500001 0.5 0.5 0.46875 0.5 0.46875 0.4375 0.5 0.875 0.5 0.9375001 0.46875 0.9375001 0.5 0.4375 0.46875 0.4375 0.46875 0.375 0.5 0.8125 0.5 0.875 0.46875 0.875 0.5 0.3125 0.5 0.375 0.46875 0.375 0.5 0.8125 0.46875 0.8125 0.46875 0.7500001 0.5 0.3125 0.46875 0.3125 0.46875 0.25 0.5 0.6875001 0.5 0.7500001 0.46875 0.7500001 0.5 0.1875 0.5 0.25 0.46875 0.25 0.5 0.6875001 0.46875 0.6875001 0.46875 0.6250001 0.5 0.1875 0.46875 0.1875 0.46875 0.125 0.5 0.5625 0.5 0.6250001 0.46875 0.6250001 0.5 0.125 0.46875 0.125 0.46875 0.06249994 0.5 0.5 0.5 0.5625 0.46875 0.5625 0.46875 0.6875001 0.46875 0.7500001 0.4375 0.7500001 0.46875 0.1875 0.46875 0.25 0.4375 0.25 0.46875 0.6875001 0.4375 0.6875001 0.4375 0.6250001 0.46875 0.125 0.46875 0.1875 0.4375 0.1875 0.46875 0.5625 0.46875 0.6250001 0.4375 0.6250001 0.46875 0.125 0.4375 0.125 0.4375 0.06249994 0.46875 0.5 0.46875 0.5625 0.4375 0.5625 0.46875 0.5 0.4375 0.5 0.4375 0.4375 0.46875 0.9375001 0.4375 0.9375001 0.4375 0.875 0.46875 0.4375 0.4375 0.4375 0.4375 0.375 0.46875 0.875 0.4375 0.875 0.4375 0.8125001 0.46875 0.3125 0.46875 0.375 0.4375 0.375 0.46875 0.8125 0.4375 0.8125001 0.4375 0.7500001 0.46875 0.3125 0.4375 0.3125 0.4375 0.25 0.4375 0.5 0.40625 0.5 0.40625 0.4375 0.4375 0.9375001 0.40625 0.9375001 0.40625 0.875 0.4375 0.4375 0.40625 0.4375 0.40625 0.375 0.4375 0.875 0.40625 0.875 0.40625 0.8125001 0.4375 0.3125 0.4375 0.375 0.40625 0.375 0.4375 0.8125001 0.40625 0.8125001 0.40625 0.7500001 0.4375 0.3125 0.40625 0.3125 0.40625 0.25 0.4375 0.6875001 0.4375 0.7500001 0.40625 0.7500001 0.4375 0.1875 0.4375 0.25 0.40625 0.25 0.4375 0.6875001 0.40625 0.6875001 0.40625 0.6250001 0.4375 0.125 0.4375 0.1875 0.40625 0.1875 0.4375 0.5625 0.4375 0.6250001 0.40625 0.6250001 0.4375 0.06249994 0.4375 0.125 0.40625 0.125 0.4375 0.5 0.4375 0.5625 0.40625 0.5625 0.40625 0.1875 0.40625 0.25 0.375 0.25 0.40625 0.6875001 0.375 0.6875001 0.375 0.6250001 0.40625 0.125 0.40625 0.1875 0.375 0.1875 0.40625 0.5625 0.40625 0.6250001 0.375 0.6250001 0.40625 0.06249994 0.40625 0.125 0.375 0.125 0.40625 0.5 0.40625 0.5625 0.375 0.5625 0.40625 0.5 0.375 0.5 0.375 0.4375 0.40625 0.9375001 0.375 0.9375001 0.375 0.875 0.40625 0.4375 0.375 0.4375 0.375 0.375 0.40625 0.875 0.375 0.875 0.375 0.8125001 0.40625 0.3125 0.40625 0.375 0.375 0.375 0.40625 0.8125001 0.375 0.8125001 0.375 0.7500001 0.40625 0.3125 0.375 0.3125 0.375 0.25 0.40625 0.6875001 0.40625 0.7500001 0.375 0.7500001 0.375 0.4375 0.34375 0.4375 0.34375 0.375 0.375 0.8125001 0.375 0.875 0.34375 0.875 0.375 0.3125 0.375 0.375 0.34375 0.375 0.375 0.8125001 0.34375 0.8125001 0.34375 0.7500001 0.375 0.3125 0.34375 0.3125 0.34375 0.25 0.375 0.6875001 0.375 0.7500001 0.34375 0.7500001 0.375 0.1875 0.375 0.25 0.34375 0.25 0.375 0.6875001 0.34375 0.6875001 0.34375 0.6250001 0.375 0.1875 0.34375 0.1875 0.34375 0.125 0.375 0.5625 0.375 0.6250001 0.34375 0.6250001 0.375 0.125 0.34375 0.125 0.34375 0.06249994 0.375 0.5 0.375 0.5625 0.34375 0.5625 0.375 0.5 0.34375 0.5 0.34375 0.4375 0.375 0.875 0.375 0.9375001 0.34375 0.9375001 0.34375 0.125 0.34375 0.1875 0.3125 0.1875 0.34375 0.5625 0.34375 0.6250001 0.3125 0.6250001 0.34375 0.06249994 0.34375 0.125 0.3125 0.125 0.34375 0.5 0.34375 0.5625 0.3125 0.5625 0.34375 0.5 0.3125 0.5 0.3125 0.4375 0.34375 0.9375001 0.3125 0.9375001 0.3125 0.875 0.34375 0.4375 0.3125 0.4375 0.3125 0.375 0.34375 0.875 0.3125 0.875 0.3125 0.8125001 0.34375 0.3125 0.34375 0.375 0.3125 0.375 0.34375 0.8125001 0.3125 0.8125001 0.3125 0.7500001 0.34375 0.3125 0.3125 0.3125 0.3125 0.25 0.34375 0.6875001 0.34375 0.7500001 0.3125 0.7500001 0.34375 0.1875 0.34375 0.25 0.3125 0.25 0.34375 0.6875001 0.3125 0.6875001 0.3125 0.6250001 0.3125 0.875 0.28125 0.875 0.28125 0.8125001 0.3125 0.3125 0.3125 0.375 0.28125 0.375 0.3125 0.8125001 0.28125 0.8125001 0.28125 0.7500001 0.3125 0.3125 0.28125 0.3125 0.28125 0.25 0.3125 0.6875001 0.3125 0.7500001 0.28125 0.7500001 0.3125 0.1875 0.3125 0.25 0.28125 0.25 0.3125 0.6875001 0.28125 0.6875001 0.28125 0.6250001 0.3125 0.125 0.3125 0.1875 0.28125 0.1875 0.3125 0.5625 0.3125 0.6250001 0.28125 0.6250001 0.3125 0.06249994 0.3125 0.125 0.28125 0.125 0.3125 0.5 0.3125 0.5625 0.28125 0.5625 0.3125 0.5 0.28125 0.5 0.28125 0.4375 0.3125 0.9375001 0.28125 0.9375001 0.28125 0.875 0.3125 0.4375 0.28125 0.4375 0.28125 0.375 0.28125 0.5625 0.28125 0.6250001 0.25 0.6250001 0.28125 0.125 0.25 0.125 0.25 0.06249994 0.28125 0.5 0.28125 0.5625 0.25 0.5625 0.28125 0.5 0.25 0.5 0.25 0.4375 0.28125 0.875 0.28125 0.9375001 0.25 0.9375001 0.28125 0.4375 0.25 0.4375 0.25 0.375 0.28125 0.875 0.25 0.875 0.25 0.8125001 0.28125 0.3125 0.28125 0.375 0.25 0.375 0.28125 0.8125001 0.25 0.8125001 0.25 0.7500001 0.28125 0.3125 0.25 0.3125 0.25 0.25 0.28125 0.6875001 0.28125 0.7500001 0.25 0.7500001 0.28125 0.1875 0.28125 0.25 0.25 0.25 0.28125 0.6875001 0.25 0.6875001 0.25 0.6250001 0.28125 0.125 0.28125 0.1875 0.25 0.1875 0.25 0.3125 0.25 0.375 0.21875 0.375 0.25 0.8125001 0.21875 0.8125001 0.21875 0.7500001 0.25 0.3125 0.21875 0.3125 0.21875 0.25 0.25 0.6875001 0.25 0.7500001 0.21875 0.7500001 0.25 0.1875 0.25 0.25 0.21875 0.25 0.25 0.6875001 0.21875 0.6875001 0.21875 0.6250001 0.25 0.1875 0.21875 0.1875 0.21875 0.125 0.25 0.5625 0.25 0.6250001 0.21875 0.6250001 0.25 0.125 0.21875 0.125 0.21875 0.06249994 0.25 0.5 0.25 0.5625 0.21875 0.5625 0.25 0.5 0.2187499 0.5 0.21875 0.4375 0.25 0.875 0.25 0.9375001 0.21875 0.9375001 0.25 0.4375 0.21875 0.4375 0.21875 0.375 0.25 0.8125001 0.25 0.875 0.21875 0.875 0.21875 0.125 0.1875 0.125 0.1875 0.06249994 0.2187499 0.5 0.21875 0.5625 0.1875 0.5625 0.2187499 0.5 0.1875 0.5 0.1875 0.4375 0.21875 0.875 0.21875 0.9375001 0.1875 0.9375001 0.21875 0.4375 0.1875 0.4375 0.1875 0.375 0.21875 0.875 0.1875 0.875 0.1875 0.8125001 0.21875 0.3125 0.21875 0.375 0.1875 0.375 0.21875 0.8125001 0.1875 0.8125001 0.1875 0.7500001 0.21875 0.3125 0.1875 0.3125 0.1875 0.25 0.21875 0.6875001 0.21875 0.7500001 0.1875 0.7500001 0.21875 0.1875 0.21875 0.25 0.1875 0.25 0.21875 0.6875001 0.1875 0.6875001 0.1875 0.6250001 0.21875 0.125 0.21875 0.1875 0.1875 0.1875 0.21875 0.5625 0.21875 0.6250001 0.1875 0.6250001 0.1875 0.8125001 0.15625 0.8125001 0.15625 0.7500001 0.1875 0.3125 0.15625 0.3125 0.15625 0.25 0.1875 0.6875001 0.1875 0.7500001 0.15625 0.7500001 0.1875 0.1875 0.1875 0.25 0.15625 0.25 0.1875 0.6875001 0.15625 0.6875001 0.15625 0.6250001 0.1875 0.1875 0.15625 0.1874999 0.15625 0.125 0.1875 0.5625 0.1875 0.6250001 0.15625 0.6250001 0.1875 0.125 0.15625 0.125 0.15625 0.06249994 0.1875 0.5 0.1875 0.5625 0.15625 0.5625 0.1875 0.5 0.1562499 0.5 0.15625 0.4375 0.1875 0.9375001 0.15625 0.9375001 0.15625 0.875 0.1875 0.4375 0.15625 0.4375 0.15625 0.375 0.1875 0.875 0.15625 0.875 0.15625 0.8125001 0.1875 0.3125 0.1875 0.375 0.15625 0.375 0.1562499 0.5 0.15625 0.5625 0.125 0.5625 0.1562499 0.5 0.1249999 0.5 0.125 0.4375 0.15625 0.9375001 0.125 0.9375001 0.125 0.875 0.15625 0.4375 0.125 0.4375 0.125 0.375 0.15625 0.8125001 0.15625 0.875 0.125 0.875 0.15625 0.3125 0.15625 0.375 0.125 0.375 0.15625 0.8125001 0.125 0.8125001 0.125 0.7500001 0.15625 0.3125 0.125 0.3125 0.125 0.25 0.15625 0.6875001 0.15625 0.7500001 0.125 0.7500001 0.15625 0.1874999 0.15625 0.25 0.125 0.25 0.15625 0.6875001 0.125 0.6875001 0.125 0.6250001 0.15625 0.1874999 0.125 0.1874999 0.125 0.125 0.15625 0.5625 0.15625 0.6250001 0.125 0.6250001 0.15625 0.06249994 0.15625 0.125 0.125 0.125 0.125 0.3125 0.09375 0.3125 0.09375 0.2499999 0.125 0.6875001 0.125 0.7500001 0.09375 0.7500001 0.125 0.1874999 0.125 0.25 0.09375 0.2499999 0.125 0.6875001 0.09375 0.6875001 0.09375 0.6250001 0.125 0.1874999 0.09374994 0.1874999 0.09375 0.125 0.125 0.5625 0.125 0.6250001 0.09375 0.6250001 0.125 0.125 0.09375 0.125 0.09375 0.06249994 0.1249999 0.5 0.125 0.5625 0.09374994 0.5625 0.1249999 0.5 0.09374994 0.5 0.09374994 0.4375 0.125 0.875 0.125 0.9375001 0.09375 0.9375001 0.125 0.4375 0.09374994 0.4375 0.09375 0.375 0.125 0.8125001 0.125 0.875 0.09375 0.875 0.125 0.3125 0.125 0.375 0.09375 0.375 0.125 0.8125001 0.09374994 0.8125001 0.09375 0.7500001 0.09374994 0.5 0.06249994 0.5 0.0625 0.4375 0.09375 0.9375001 0.0625 0.9375001 0.0625 0.875 0.09374994 0.4375 0.0625 0.4375 0.0625 0.375 0.09375 0.875 0.0625 0.875 0.0625 0.8125001 0.09375 0.3125 0.09375 0.375 0.0625 0.375 0.09374994 0.8125001 0.0625 0.8125001 0.0625 0.7500001 0.09375 0.3125 0.0625 0.3124999 0.0625 0.25 0.09375 0.6875001 0.09375 0.7500001 0.0625 0.7500001 0.09374994 0.1874999 0.09375 0.2499999 0.0625 0.25 0.09375 0.6875001 0.0625 0.6875001 0.0625 0.6250001 0.09374994 0.1874999 0.0625 0.1874999 0.0625 0.125 0.09374994 0.5625 0.09375 0.6250001 0.0625 0.6250001 0.09375 0.06249994 0.09375 0.125 0.0625 0.125 0.09374994 0.5 0.09374994 0.5625 0.0625 0.5625 0.0625 0.1874999 0.0625 0.25 0.03125 0.25 0.0625 0.6875001 0.03124994 0.6875001 0.03125 0.6250001 0.0625 0.1874999 0.03124994 0.1874999 0.03124994 0.125 0.0625 0.5625 0.0625 0.6250001 0.03125 0.6250001 0.0625 0.06249994 0.0625 0.125 0.03124994 0.125 0.06249994 0.5 0.0625 0.5625 0.03124994 0.5625 0.06249994 0.5 0.03124994 0.5 0.03124994 0.4375 0.0625 0.9375001 0.03125 0.9375001 0.03124994 0.8750001 0.0625 0.4375 0.03124994 0.4375 0.03125 0.375 0.0625 0.8125001 0.0625 0.875 0.03124994 0.8750001 0.0625 0.3124999 0.0625 0.375 0.03125 0.375 0.0625 0.8125001 0.03124994 0.8125001 0.03125 0.7500001 0.0625 0.3124999 0.03124994 0.3125 0.03125 0.25 0.0625 0.6875001 0.0625 0.7500001 0.03125 0.7500001 0.03125 0.9375001 0 0.9375001 0 0.8750001 0.03124994 0.4375 0 0.4375 0 0.375 0.03124994 0.8125001 0.03124994 0.8750001 0 0.8750001 0.03124994 0.3125 0.03125 0.375 0 0.375 0.03124994 0.8125001 0 0.8125001 0 0.7500001 0.03124994 0.3125 0 0.3125 0 0.2499999 0.03124994 0.6875001 0.03125 0.7500001 0 0.7500001 0.03124994 0.1874999 0.03125 0.25 0 0.2499999 0.03124994 0.6875001 0 0.6875001 0 0.6250001 0.03124994 0.1874999 0 0.1874999 0 0.125 0.03124994 0.5625 0.03125 0.6250001 0 0.6250001 0.03125 0.06249994 0.03124994 0.125 0 0.125 0.03124994 0.5 0.03124994 0.5625 0 0.5625 0.03124994 0.5 0 0.5 0 0.4375 1 0.6875001 0.96875 0.6875001 0.96875 0.6250001 1 0.1874999 0.96875 0.1874999 0.96875 0.125 1 0.5625 1 0.6250001 0.96875 0.6250001 1 0.125 0.96875 0.125 0.96875 0.06249994 1 0.5 1 0.5625 0.96875 0.5625 1 0.5 0.9687499 0.5 0.96875 0.4375 1 0.8750001 1 0.9375001 0.96875 0.9375001 1 0.4375 0.96875 0.4375 0.96875 0.375 1 0.8125001 1 0.8750001 0.96875 0.8750001 1 0.3125 1 0.375 0.96875 0.375 1 0.8125001 0.96875 0.8125001 0.96875 0.7500001 1 0.3125 0.96875 0.3124999 0.96875 0.2499999 1 0.6875001 1 0.7500001 0.96875 0.7500001 1 0.1874999 1 0.2499999 0.96875 0.2499999 0.96875 0.4375 0.9375 0.4375 0.9375 0.375 0.96875 0.8125001 0.96875 0.8750001 0.9375 0.8750001 0.96875 0.3124999 0.96875 0.375 0.9375 0.375 0.96875 0.8125001 0.9375 0.8125001 0.9375 0.7500001 0.96875 0.3124999 0.9375 0.3124999 0.9375 0.2499999 0.96875 0.6875001 0.96875 0.7500001 0.9375 0.7500001 0.96875 0.1874999 0.96875 0.2499999 0.9375 0.2499999 0.96875 0.6875001 0.9375 0.6875001 0.9375 0.6250001 0.96875 0.1874999 0.9375 0.1874999 0.9375 0.125 0.96875 0.5625 0.96875 0.6250001 0.9375 0.6250001 0.96875 0.125 0.9375 0.125 0.9375 0.06249994 0.9687499 0.5 0.96875 0.5625 0.9375 0.5625001 0.9687499 0.5 0.9374999 0.5 0.9375 0.4375 0.96875 0.8750001 0.96875 0.9375001 0.9375 0.9375001 0.9375 0.1874999 0.90625 0.1874999 0.90625 0.125 0.9375 0.5625001 0.9375 0.6250001 0.90625 0.6250001 0.9375 0.06249994 0.9375 0.125 0.90625 0.125 0.9374999 0.5 0.9375 0.5625001 0.90625 0.5625001 0.9374999 0.5 0.90625 0.5 0.90625 0.4375 0.9375 0.9375001 0.90625 0.9375001 0.90625 0.8750001 0.9375 0.4375 0.90625 0.4375 0.90625 0.375 0.9375 0.8125001 0.9375 0.8750001 0.90625 0.8750001 0.9375 0.3124999 0.9375 0.375 0.90625 0.375 0.9375 0.8125001 0.90625 0.8125001 0.90625 0.7500001 0.9375 0.3124999 0.90625 0.3124999 0.90625 0.2499999 0.9375 0.6875001 0.9375 0.7500001 0.90625 0.7500001 0.9375 0.1874999 0.9375 0.2499999 0.90625 0.2499999 0.9375 0.6875001 0.90625 0.6875001 0.90625 0.6250001 0.90625 0.8125001 0.90625 0.8750001 0.875 0.8750001 0.90625 0.3124999 0.90625 0.375 0.875 0.375 0.90625 0.8125001 0.8749999 0.8125001 0.875 0.7500001 0.90625 0.3124999 0.875 0.3124999 0.875 0.2499999 0.90625 0.6875001 0.90625 0.7500001 0.875 0.7500001 0.90625 0.1874999 0.90625 0.2499999 0.875 0.2499999 0.90625 0.6875001 0.875 0.6875001 0.875 0.6250001 0.90625 0.1874999 0.8749999 0.1874999 0.875 0.125 0.90625 0.5625001 0.90625 0.6250001 0.875 0.6250001 0.90625 0.125 0.875 0.125 0.875 0.06249994 0.90625 0.5 0.90625 0.5625001 0.875 0.5625001 0.90625 0.5 0.8749999 0.5 0.875 0.4375 0.90625 0.9375001 0.875 0.9375001 0.875 0.8750001 0.90625 0.4375 0.875 0.4375 0.875 0.375 0.875 0.5625001 0.875 0.6250001 0.84375 0.6250001 0.875 0.06249994 0.875 0.125 0.84375 0.125 0.8749999 0.5 0.875 0.5625001 0.84375 0.5625001 0.8749999 0.5 0.8437499 0.5 0.84375 0.4375 0.875 0.9375001 0.84375 0.9375001 0.84375 0.8750001 0.875 0.4375 0.84375 0.4375 0.84375 0.375 0.8749999 0.8125001 0.875 0.8750001 0.84375 0.8750001 0.875 0.3124999 0.875 0.375 0.84375 0.375 0.8749999 0.8125001 0.84375 0.8125002 0.84375 0.7500001 0.875 0.3124999 0.84375 0.3124999 0.84375 0.2499999 0.875 0.6875001 0.875 0.7500001 0.84375 0.7500001 0.8749999 0.1874999 0.875 0.2499999 0.84375 0.2499999 0.875 0.6875001 0.84375 0.6875001 0.84375 0.6250001 0.8749999 0.1874999 0.84375 0.1874998 0.84375 0.125 0.84375 0.3124999 0.84375 0.375 0.8125 0.375 0.84375 0.8125002 0.8125 0.8125002 0.8125 0.7500001 0.84375 0.3124999 0.8125 0.3124999 0.8125 0.2499999 0.84375 0.6875001 0.84375 0.7500001 0.8125 0.7500001 0.84375 0.1874998 0.84375 0.2499999 0.8125 0.2499999 0.84375 0.6875001 0.8125 0.6875001 0.8125 0.6250001 0.84375 0.1874998 0.8125 0.1874998 0.8125 0.125 0.84375 0.5625001 0.84375 0.6250001 0.8125 0.6250001 0.84375 0.125 0.8125 0.125 0.8125 0.06249988 0.8437499 0.5 0.84375 0.5625001 0.8125 0.5625001 0.8437499 0.5 0.8125 0.5 0.8125 0.4375 0.84375 0.8750001 0.84375 0.9375001 0.8125 0.9375001 0.84375 0.4375 0.8125 0.4375 0.8125 0.375 0.84375 0.8125002 0.84375 0.8750001 0.8125 0.8750001 0.8125 0.06249988 0.8125 0.125 0.78125 0.125 0.8125 0.5 0.8125 0.5625001 0.78125 0.5625001 0.8125 0.5 0.7812499 0.5 0.78125 0.4375 0.8125 0.9375001 0.78125 0.9375001 0.78125 0.8750001 0.8125 0.4375 0.78125 0.4375 0.78125 0.375 0.8125 0.8125002 0.8125 0.8750001 0.78125 0.8750001 0.8125 0.3124999 0.8125 0.375 0.78125 0.375 0.8125 0.8125002 0.78125 0.8125002 0.78125 0.7500001 0.8125 0.3124999 0.78125 0.3124999 0.78125 0.25 0.8125 0.6875001 0.8125 0.7500001 0.78125 0.7500001 0.8125 0.1874998 0.8125 0.2499999 0.78125 0.25 0.8125 0.6875001 0.78125 0.6875001 0.78125 0.6250001 0.8125 0.1874998 0.78125 0.1874998 0.78125 0.125 0.8125 0.5625001 0.8125 0.6250001 0.78125 0.6250001 0.78125 0.3124999 0.75 0.3125001 0.75 0.2499999 0.78125 0.6875001 0.78125 0.7500001 0.75 0.7500001 0.78125 0.1874998 0.78125 0.25 0.75 0.2499999 0.78125 0.6250001 0.78125 0.6875001 0.75 0.6875 0.78125 0.1874998 0.75 0.1874998 0.75 0.125 0.78125 0.5625001 0.78125 0.6250001 0.75 0.6250001 0.78125 0.125 0.75 0.125 0.75 0.06249988 0.7812499 0.5 0.78125 0.5625001 0.75 0.5625 0.7812499 0.5 0.75 0.5 0.75 0.4375 0.78125 0.9375001 0.75 0.9375001 0.75 0.8750001 0.78125 0.4375 0.75 0.4375 0.75 0.375 0.78125 0.8125002 0.78125 0.8750001 0.75 0.8750001 0.78125 0.375 0.75 0.375 0.75 0.3125001 0.78125 0.7500001 0.78125 0.8125002 0.75 0.8125</float_array>
          <technique_common>
            <accessor source="#Sphere-mesh-map-0-array" count="2880" stride="2">
              <param name="S" type="float"/>
              <param name="T" type="float"/>
            </accessor>
          </technique_common>
        </source>
        <vertices id="Sphere-mesh-vertices">
          <input semantic="POSITION" source="#Sphere-mesh-positions"/>
        </vertices>
        <triangles material="Material_002-material" count="960">
          <input semantic="VERTEX" source="#Sphere-mesh-vertices" offset="0"/>
          <input semantic="NORMAL" source="#Sphere-mesh-normals" offset="1"/>
          <input semantic="TEXCOORD" source="#Sphere-mesh-map-0" offset="2" set="2"/>
          <p>475 0 0 8 1 1 9 2 2 478 3 3 16 4 4 17 5 5 475 6 6 10 7 7 1 8 8 478 9 9 18 10 10 479 11 11 476 12 12 10 13 13 11 14 14 479 15 15 19 16 16 480 17 17 2 18 18 11 19 19 12 20 20 480 21 21 20 22 22 481 23 23 2 24 24 13 25 25 3 26 26 473 27 27 81 27 28 6 27 29 307 28 30 481 28 31 20 28 32 3 29 33 14 30 34 4 31 35 474 32 36 6 33 37 7 34 38 4 35 39 15 36 40 477 37 41 0 38 42 7 39 43 8 40 44 477 41 45 16 42 46 5 43 47 14 44 48 30 45 49 15 46 50 7 47 51 23 48 52 8 49 53 16 50 54 30 51 55 31 52 56 8 53 57 24 54 58 9 55 59 17 56 60 31 57 61 32 58 62 9 59 63 25 60 64 10 61 65 18 62 66 32 63 67 33 64 68 10 65 69 26 66 70 11 67 71 19 68 72 33 69 73 34 70 74 12 71 75 26 72 76 27 73 77 19 74 78 35 75 79 20 76 80 12 77 81 28 78 82 13 79 83 6 80 84 81 80 85 21 80 86 307 81 87 20 81 88 35 81 89 13 82 90 29 83 91 14 84 92 6 85 93 22 86 94 7 87 95 34 88 96 48 89 97 49 90 98 27 91 99 41 92 100 42 93 101 35 94 102 49 95 103 50 96 104 28 97 105 42 98 106 43 99 107 21 100 108 81 100 109 36 100 110 307 101 111 35 101 112 50 101 113 28 102 114 44 103 115 29 104 116 21 105 117 37 106 118 22 107 119 29 108 120 45 109 121 30 110 122 22 111 123 38 112 124 23 113 125 31 114 126 45 114 127 46 115 128 23 116 129 39 117 130 24 118 131 32 119 132 46 120 133 47 121 134 24 122 135 40 123 136 25 124 137 33 125 138 47 126 139 48 127 140 25 128 141 41 128 142 26 129 143 46 130 144 60 131 145 61 132 146 38 133 147 54 134 148 39 135 149 46 136 150 62 137 151 47 138 152 40 139 153 54 140 154 55 141 155 48 142 156 62 143 157 63 144 158 40 145 159 56 146 160 41 147 161 49 148 162 63 149 163 64 150 164 42 151 165 56 152 166 57 153 167 50 154 168 64 155 169 65 156 170 43 157 171 57 158 172 58 159 173 36 160 174 81 160 175 51 160 176 307 161 177 50 161 178 65 161 179 43 162 180 59 163 181 44 164 182 36 165 183 52 166 184 37 167 185 44 168 186 60 169 187 45 170 188 37 171 189 53 172 190 38 173 191 64 174 192 80 175 193 65 176 194 58 177 195 72 178 196 73 179 197 51 180 198 81 180 199 66 180 200 307 181 201 65 181 202 80 181 203 58 182 204 74 183 205 59 184 206 52 185 207 66 186 208 67 187 209 59 188 210 75 189 211 60 190 212 53 191 213 67 192 214 68 191 215 61 193 216 75 194 217 76 195 218 53 196 219 69 197 220 54 198 221 61 199 222 77 200 223 62 201 224 55 202 225 69 203 226 70 204 227 63 205 228 77 206 229 78 207 230 55 208 231 71 209 232 56 210 233 63 211 234 79 212 235 64 213 236 57 214 237 71 215 238 72 216 239 68 217 240 85 218 241 69 219 242 76 220 243 93 221 244 77 222 245 70 223 246 85 224 247 86 225 248 78 226 249 93 227 250 94 228 251 70 229 252 87 230 253 71 231 254 79 232 255 94 233 256 95 234 257 72 235 258 87 236 259 88 237 260 80 238 261 95 239 262 96 240 263 73 241 264 88 241 265 89 242 266 66 243 267 81 243 268 82 243 269 307 244 270 80 244 271 96 244 272 73 245 273 90 245 274 74 246 275 66 247 276 83 248 277 67 249 278 74 250 279 91 251 280 75 252 281 67 253 282 84 254 283 68 255 284 76 256 285 91 257 286 92 258 287 89 259 288 103 260 289 104 261 290 82 262 291 81 262 292 97 262 293 307 263 294 96 263 295 111 263 296 89 264 297 105 265 298 90 266 299 82 267 300 98 268 301 83 269 302 90 270 303 106 271 304 91 272 305 84 273 306 98 274 307 99 275 308 92 276 309 106 277 310 107 278 311 84 279 312 100 280 313 85 281 314 92 282 315 108 283 316 93 284 317 86 285 318 100 286 319 101 287 320 94 288 321 108 289 322 109 290 323 86 291 324 102 292 325 87 293 326 94 294 327 110 295 328 95 296 329 88 297 330 102 298 331 103 299 332 95 300 333 111 301 334 96 302 335 107 303 336 123 304 337 108 305 338 101 306 339 115 307 340 116 308 341 109 309 342 123 310 343 124 311 344 101 312 345 117 313 346 102 314 347 110 315 348 124 316 349 125 317 350 103 318 351 117 319 352 118 320 353 110 321 354 126 322 355 111 323 356 104 324 357 118 325 358 119 326 359 97 327 360 81 327 361 112 327 362 307 328 363 111 328 364 126 328 365 104 329 366 120 330 367 105 331 368 97 332 369 113 333 370 98 334 371 105 335 372 121 336 373 106 337 374 98 338 375 114 339 376 99 340 377 107 341 378 121 342 379 122 343 380 99 344 381 115 345 382 100 346 383 112 347 384 81 347 385 127 347 386 307 348 387 126 348 388 141 348 389 119 349 390 135 350 391 120 351 392 113 352 393 127 353 394 128 354 395 120 355 396 136 356 397 121 357 398 114 358 399 128 359 400 129 360 401 122 361 402 136 362 403 137 363 404 114 364 405 130 365 406 115 366 407 122 367 408 138 368 409 123 369 410 116 370 411 130 371 412 131 372 413 124 373 414 138 374 415 139 375 416 116 376 417 132 377 418 117 378 419 124 379 420 140 380 421 125 381 422 118 382 423 132 383 424 133 384 425 125 385 426 141 386 427 126 387 428 119 388 429 133 389 430 134 390 431 131 391 432 145 392 433 146 393 434 139 394 435 153 395 436 154 396 437 131 397 438 147 398 439 132 399 440 140 400 441 154 401 442 155 402 443 133 403 444 147 404 445 148 405 446 140 406 447 156 407 448 141 408 449 134 409 450 148 409 451 149 410 452 127 411 453 81 411 454 142 411 455 307 412 456 141 412 457 156 412 458 134 413 459 150 413 460 135 414 461 127 415 462 143 416 463 128 417 464 135 418 465 151 419 466 136 420 467 128 421 468 144 422 469 129 423 470 137 424 471 151 425 472 152 426 473 129 427 474 145 428 475 130 429 476 137 430 477 153 431 478 138 432 479 149 433 480 165 434 481 150 435 482 142 436 483 158 437 484 143 438 485 150 439 486 166 440 487 151 441 488 143 442 489 159 443 490 144 444 491 152 445 492 166 446 493 167 447 494 144 448 495 160 449 496 145 450 497 152 451 498 168 452 499 153 453 500 146 454 501 160 455 502 161 456 503 154 457 504 168 458 505 169 459 506 146 460 507 162 461 508 147 462 509 155 463 510 169 464 511 170 465 512 148 466 513 162 467 514 163 468 515 156 469 516 170 470 517 171 471 518 149 472 519 163 473 520 164 474 521 142 475 522 81 475 523 157 475 524 307 476 525 156 476 526 171 476 527 169 477 528 183 478 529 184 479 530 161 480 531 177 481 532 162 482 533 170 483 534 184 484 535 185 485 536 163 486 537 177 487 538 178 488 539 171 489 540 185 490 541 186 491 542 164 492 543 178 493 544 179 494 545 157 495 546 81 495 547 172 495 548 307 496 549 171 496 550 186 496 551 164 497 552 180 498 553 165 499 554 157 500 555 173 501 556 158 502 557 165 503 558 181 504 559 166 505 560 158 506 561 174 507 562 159 508 563 167 509 564 181 510 565 182 511 566 159 512 567 175 513 568 160 514 569 167 515 570 183 516 571 168 517 572 161 518 573 175 519 574 176 520 575 180 521 576 196 522 577 181 523 578 174 524 579 188 525 580 189 526 581 182 527 582 196 528 583 197 529 584 174 530 585 190 531 586 175 532 587 182 533 588 198 534 589 183 535 590 176 536 591 190 537 592 191 538 593 184 539 594 198 540 595 199 541 596 176 542 597 192 543 598 177 544 599 184 545 600 200 546 601 185 547 602 178 548 603 192 549 604 193 550 605 185 551 606 201 552 607 186 553 608 179 554 609 193 555 610 194 556 611 172 557 612 81 557 613 187 557 614 307 558 615 186 558 616 201 558 617 179 559 618 195 560 619 180 561 620 173 562 621 187 563 622 188 564 623 200 565 624 214 566 625 215 567 626 193 568 627 207 569 628 208 570 629 201 571 630 215 572 631 216 573 632 194 574 633 208 575 634 209 576 635 187 577 636 81 577 637 202 577 638 307 578 639 201 578 640 216 578 641 194 579 642 210 580 643 195 581 644 187 582 645 203 583 646 188 584 647 195 585 648 211 586 649 196 587 650 188 588 651 204 589 652 189 590 653 197 591 654 211 592 655 212 593 656 189 594 657 205 595 658 190 596 659 197 597 660 213 598 661 198 599 662 191 600 663 205 601 664 206 602 665 199 603 666 213 604 667 214 605 668 191 606 669 207 607 670 192 608 671 203 609 672 219 610 673 204 611 674 212 612 675 226 613 676 227 614 677 204 615 678 220 616 679 205 617 680 212 618 681 228 619 682 213 620 683 206 621 684 220 622 685 221 623 686 214 624 687 228 625 688 229 626 689 206 627 690 222 628 691 207 629 692 215 630 693 229 631 694 230 632 695 208 633 696 222 634 697 223 635 698 216 636 699 230 637 700 231 638 701 209 639 702 223 640 703 224 641 704 202 642 705 81 642 706 217 642 707 307 643 708 216 643 709 231 643 710 209 644 711 225 645 712 210 646 713 202 647 714 218 648 715 203 649 716 210 650 717 226 651 718 211 652 719 223 653 720 237 654 721 238 655 722 230 656 723 246 657 724 231 658 725 224 659 726 238 660 727 239 661 728 217 662 729 81 662 730 232 662 731 307 663 732 231 663 733 246 663 734 224 664 735 240 665 736 225 666 737 218 667 738 232 668 739 233 669 740 225 670 741 241 671 742 226 672 743 218 673 744 234 674 745 219 675 746 227 676 747 241 677 748 242 678 749 219 679 750 235 680 751 220 681 752 227 682 753 243 683 754 228 684 755 221 685 756 235 686 757 236 687 758 229 688 759 243 689 760 244 690 761 221 691 762 237 692 763 222 693 764 230 694 765 244 695 766 245 696 767 242 697 768 256 698 769 257 699 770 234 700 771 250 701 772 235 702 773 242 703 774 258 704 775 243 705 776 236 706 777 250 707 778 251 708 779 244 709 780 258 710 781 259 711 782 236 712 783 252 713 784 237 714 785 244 715 786 260 716 787 245 717 788 238 718 789 252 719 790 253 720 791 245 721 792 261 722 793 246 723 794 239 724 795 253 725 796 254 726 797 232 727 798 81 727 799 247 727 800 307 728 801 246 728 802 261 728 803 239 729 804 255 730 805 240 731 806 233 732 807 247 733 808 248 734 809 240 735 810 256 736 811 241 737 812 234 738 813 248 739 814 249 740 815 260 741 816 276 742 817 261 743 818 254 744 819 268 745 820 269 746 821 247 747 822 81 747 823 262 747 824 307 748 825 261 748 826 276 748 827 254 749 828 270 750 829 255 751 830 248 752 831 262 753 832 263 754 833 255 755 834 271 756 835 256 757 836 248 758 837 264 759 838 249 760 839 257 761 840 271 762 841 272 763 842 249 764 843 265 765 844 250 766 845 257 767 846 273 768 847 258 769 848 251 770 849 265 771 850 266 772 851 259 773 852 273 774 853 274 775 854 251 776 855 267 777 856 252 778 857 260 779 858 274 780 859 275 781 860 253 782 861 267 783 862 268 784 863 264 785 864 280 786 865 265 787 866 272 788 867 288 789 868 273 790 869 266 791 870 280 792 871 281 793 872 274 794 873 288 795 874 289 796 875 266 797 876 282 798 877 267 799 878 274 800 879 290 801 880 275 802 881 268 803 882 282 804 883 283 805 884 275 806 885 291 807 886 276 808 887 269 809 888 283 810 889 284 811 890 262 812 891 81 812 892 277 812 893 307 813 894 276 813 895 291 813 896 269 814 897 285 815 898 270 816 899 262 817 900 278 818 901 263 819 902 270 820 903 286 821 904 271 822 905 263 823 906 279 824 907 264 825 908 272 826 909 286 827 910 287 828 911 284 829 912 298 830 913 299 831 914 277 832 915 81 832 916 292 832 917 307 833 918 291 833 919 306 833 920 284 834 921 300 835 922 285 836 923 277 837 924 293 838 925 278 839 926 285 840 927 301 841 928 286 842 929 279 843 930 293 844 931 294 845 932 287 846 933 301 847 934 302 848 935 279 849 936 295 850 937 280 851 938 287 852 939 303 853 940 288 854 941 281 855 942 295 856 943 296 857 944 289 858 945 303 859 946 304 860 947 281 861 948 297 862 949 282 863 950 289 864 951 305 865 952 290 866 953 283 867 954 297 868 955 298 869 956 291 870 957 305 871 958 306 872 959 302 873 960 319 874 961 303 875 962 296 876 963 311 877 964 312 878 965 304 879 966 319 880 967 320 881 968 296 882 969 313 883 970 297 884 971 304 885 972 321 886 973 305 887 974 298 888 975 313 889 976 314 890 977 305 891 978 322 892 979 306 893 980 299 894 981 314 894 982 315 895 983 292 896 984 81 896 985 308 896 986 307 897 987 306 897 988 322 897 989 299 898 990 316 898 991 300 899 992 293 900 993 308 901 994 309 902 995 300 903 996 317 904 997 301 905 998 294 906 999 309 907 1000 310 908 1001 302 909 1002 317 910 1003 318 911 1004 294 912 1005 311 913 1006 295 914 1007 307 915 1008 322 915 1009 337 915 1010 315 916 1011 331 917 1012 316 918 1013 308 919 1014 324 920 1015 309 921 1016 316 922 1017 332 923 1018 317 924 1019 309 925 1020 325 926 1021 310 927 1022 318 928 1023 332 929 1024 333 930 1025 310 931 1026 326 932 1027 311 933 1028 318 934 1029 334 935 1030 319 936 1031 312 937 1032 326 938 1033 327 939 1034 320 940 1035 334 941 1036 335 942 1037 312 943 1038 328 944 1039 313 945 1040 320 946 1041 336 947 1042 321 948 1043 314 949 1044 328 950 1045 329 951 1046 322 952 1047 336 953 1048 337 954 1049 315 955 1050 329 956 1051 330 957 1052 308 958 1053 81 958 1054 323 958 1055 335 959 1056 349 960 1057 350 961 1058 327 962 1059 343 963 1060 328 964 1061 335 965 1062 351 966 1063 336 967 1064 329 968 1065 343 969 1066 344 970 1067 337 971 1068 351 972 1069 352 973 1070 330 974 1071 344 974 1072 345 975 1073 323 976 1074 81 976 1075 338 976 1076 307 977 1077 337 977 1078 352 977 1079 330 978 1080 346 978 1081 331 979 1082 323 980 1083 339 981 1084 324 982 1085 331 983 1086 347 984 1087 332 985 1088 325 986 1089 339 987 1090 340 988 1091 333 989 1092 347 990 1093 348 991 1094 325 992 1095 341 993 1096 326 994 1097 333 995 1098 349 996 1099 334 997 1100 327 998 1101 341 999 1102 342 1000 1103 338 1001 1104 354 1002 1105 339 1003 1106 346 1004 1107 362 1005 1108 347 1006 1109 340 1007 1110 354 1008 1111 355 1009 1112 348 1010 1113 362 1011 1114 363 1012 1115 340 1013 1116 356 1014 1117 341 1015 1118 348 1016 1119 364 1017 1120 349 1018 1121 342 1019 1122 356 1020 1123 357 1021 1124 350 1022 1125 364 1023 1126 365 1024 1127 342 1025 1128 358 1026 1129 343 1027 1130 350 1028 1131 366 1029 1132 351 1030 1133 344 1031 1134 358 1032 1135 359 1033 1136 352 1034 1137 366 1035 1138 367 1036 1139 345 1037 1140 359 1037 1141 360 1038 1142 338 1039 1143 81 1039 1144 353 1039 1145 307 1040 1146 352 1040 1147 367 1040 1148 345 1041 1149 361 1041 1150 346 1042 1151 357 1043 1152 373 1044 1153 358 1045 1154 365 1046 1155 381 1047 1156 366 1048 1157 359 1049 1158 373 1050 1159 374 1051 1160 366 1052 1161 382 1053 1162 367 1054 1163 360 1055 1164 374 1056 1165 375 1057 1166 353 1058 1167 81 1058 1168 368 1058 1169 307 1059 1170 367 1059 1171 382 1059 1172 360 1060 1173 376 1061 1174 361 1062 1175 354 1063 1176 368 1064 1177 369 1065 1178 361 1066 1179 377 1067 1180 362 1068 1181 355 1069 1182 369 1070 1183 370 1071 1184 363 1072 1185 377 1073 1186 378 1074 1187 355 1075 1188 371 1076 1189 356 1077 1190 363 1078 1191 379 1079 1192 364 1080 1193 357 1081 1194 371 1082 1195 372 1083 1196 365 1084 1197 379 1085 1198 380 1086 1199 376 1087 1200 392 1088 1201 377 1089 1202 370 1090 1203 384 1091 1204 385 1092 1205 378 1093 1206 392 1094 1207 393 1095 1208 370 1096 1209 386 1097 1210 371 1098 1211 378 1099 1212 394 1100 1213 379 1101 1214 372 1102 1215 386 1103 1216 387 1104 1217 380 1105 1218 394 1106 1219 395 1107 1220 372 1108 1221 388 1109 1222 373 1110 1223 380 1111 1224 396 1112 1225 381 1113 1226 374 1114 1227 388 1115 1228 389 1116 1229 381 1117 1230 397 1118 1231 382 1119 1232 375 1120 1233 389 1121 1234 390 1122 1235 368 1123 1236 81 1123 1237 383 1123 1238 307 1124 1239 382 1124 1240 397 1124 1241 375 1125 1242 391 1126 1243 376 1127 1244 369 1128 1245 383 1129 1246 384 1130 1247 395 1131 1248 411 1132 1249 396 1133 1250 389 1134 1251 403 1135 1252 404 1136 1253 397 1137 1254 411 1138 1255 412 1139 1256 390 1140 1257 404 1141 1258 405 1142 1259 383 1143 1260 81 1143 1261 398 1143 1262 307 1144 1263 397 1144 1264 412 1144 1265 390 1145 1266 406 1146 1267 391 1147 1268 383 1148 1269 399 1149 1270 384 1150 1271 391 1151 1272 407 1152 1273 392 1153 1274 385 1154 1275 399 1155 1276 400 1156 1277 393 1157 1278 407 1158 1279 408 1159 1280 385 1160 1281 401 1161 1282 386 1162 1283 393 1163 1284 409 1164 1285 394 1165 1286 387 1166 1287 401 1167 1288 402 1168 1289 395 1169 1290 409 1170 1291 410 1171 1292 387 1172 1293 403 1173 1294 388 1174 1295 400 1175 1296 414 1176 1297 415 1177 1298 408 1178 1299 422 1179 1300 423 1180 1301 400 1181 1302 416 1182 1303 401 1183 1304 408 1184 1305 424 1185 1306 409 1186 1307 402 1187 1308 416 1188 1309 417 1189 1310 410 1190 1311 424 1191 1312 425 1192 1313 402 1193 1314 418 1194 1315 403 1195 1316 410 1196 1317 426 1197 1318 411 1198 1319 404 1199 1320 418 1200 1321 419 1201 1322 411 1202 1323 427 1203 1324 412 1204 1325 405 1205 1326 419 1206 1327 420 1207 1328 398 1208 1329 81 1208 1330 413 1208 1331 307 1209 1332 412 1209 1333 427 1209 1334 405 1210 1335 421 1211 1336 406 1212 1337 398 1213 1338 414 1214 1339 399 1215 1340 406 1216 1341 422 1217 1342 407 1218 1343 419 1219 1344 433 1220 1345 434 1221 1346 427 1222 1347 441 1223 1348 442 1224 1349 420 1225 1350 434 1226 1351 435 1227 1352 413 1228 1353 81 1228 1354 428 1228 1355 307 1229 1356 427 1229 1357 442 1229 1358 420 1230 1359 436 1231 1360 421 1232 1361 413 1233 1362 429 1234 1363 414 1235 1364 421 1236 1365 437 1237 1366 422 1238 1367 415 1239 1368 429 1240 1369 430 1241 1370 423 1242 1371 437 1243 1372 438 1244 1373 415 1245 1374 431 1246 1375 416 1247 1376 423 1248 1377 439 1249 1378 424 1250 1379 417 1251 1380 431 1252 1381 432 1253 1382 425 1254 1383 439 1255 1384 440 1256 1385 417 1257 1386 433 1258 1387 418 1259 1388 425 1260 1389 441 1261 1390 426 1262 1391 438 1263 1392 452 1264 1393 453 1265 1394 430 1266 1395 446 1267 1396 431 1268 1397 438 1269 1398 454 1270 1399 439 1271 1400 432 1272 1401 446 1273 1402 447 1274 1403 440 1275 1404 454 1276 1405 455 1277 1406 432 1278 1407 448 1279 1408 433 1280 1409 440 1281 1410 456 1282 1411 441 1283 1412 434 1284 1413 448 1285 1414 449 1286 1415 441 1287 1416 457 1288 1417 442 1289 1418 435 1290 1419 449 1291 1420 450 1292 1421 428 1293 1422 81 1293 1423 443 1293 1424 307 1294 1425 442 1294 1426 457 1294 1427 435 1295 1428 451 1296 1429 436 1297 1430 429 1298 1431 443 1299 1432 444 1300 1433 436 1301 1434 452 1302 1435 437 1303 1436 430 1304 1437 444 1305 1438 445 1306 1439 457 1307 1440 471 1308 1441 472 1309 1442 450 1310 1443 464 1311 1444 465 1312 1445 443 1313 1446 81 1313 1447 458 1313 1448 307 1314 1449 457 1314 1450 472 1314 1451 450 1315 1452 466 1316 1453 451 1317 1454 443 1318 1455 459 1319 1456 444 1320 1457 451 1321 1458 467 1322 1459 452 1323 1460 445 1324 1461 459 1325 1462 460 1326 1463 453 1327 1464 467 1328 1465 468 1329 1466 445 1330 1467 461 1331 1468 446 1332 1469 453 1333 1470 469 1334 1471 454 1335 1472 447 1336 1473 461 1337 1474 462 1338 1475 455 1339 1476 469 1340 1477 470 1341 1478 447 1342 1479 463 1343 1480 448 1344 1481 455 1345 1482 471 1346 1483 456 1347 1484 449 1348 1485 463 1349 1486 464 1350 1487 468 1351 1488 478 1352 1489 469 1353 1490 462 1354 1491 475 1355 1492 1 1356 1493 470 1357 1494 478 1358 1495 479 1359 1496 463 1360 1497 1 1361 1498 476 1362 1499 470 1363 1500 480 1364 1501 471 1365 1502 464 1366 1503 476 1367 1504 2 1368 1505 471 1369 1506 481 1370 1507 472 1371 1508 465 1372 1509 2 1373 1510 3 1374 1511 458 1375 1512 81 1375 1513 473 1375 1514 307 1376 1515 472 1376 1516 481 1376 1517 465 1377 1518 4 1378 1519 466 1379 1520 458 1380 1521 474 1381 1522 459 1382 1523 466 1383 1524 477 1384 1525 467 1385 1526 460 1386 1527 474 1387 1528 0 1388 1529 467 1389 1530 5 1390 1531 468 1391 1532 461 1392 1533 0 1393 1534 475 1394 1535 475 0 1536 0 1395 1537 8 1 1538 478 3 1539 5 1396 1540 16 4 1541 475 6 1542 9 1397 1543 10 7 1544 478 9 1545 17 1398 1546 18 10 1547 476 12 1548 1 1399 1549 10 13 1550 479 15 1551 18 1400 1552 19 16 1553 2 18 1554 476 1401 1555 11 19 1556 480 21 1557 19 1402 1558 20 22 1559 2 24 1560 12 1403 1561 13 25 1562 3 29 1563 13 1404 1564 14 30 1565 474 32 1566 473 1405 1567 6 33 1568 4 35 1569 14 1406 1570 15 36 1571 0 38 1572 474 1407 1573 7 39 1574 477 41 1575 15 1408 1576 16 42 1577 14 44 1578 29 1409 1579 30 45 1580 7 47 1581 22 1410 1582 23 48 1583 16 50 1584 15 1411 1585 30 51 1586 8 53 1587 23 1412 1588 24 54 1589 17 56 1590 16 1413 1591 31 57 1592 9 59 1593 24 1414 1594 25 60 1595 18 62 1596 17 1415 1597 32 63 1598 10 65 1599 25 1416 1600 26 66 1601 19 68 1602 18 1417 1603 33 69 1604 12 71 1605 11 1418 1606 26 72 1607 19 74 1608 34 1419 1609 35 75 1610 12 77 1611 27 1420 1612 28 78 1613 13 82 1614 28 1421 1615 29 83 1616 6 85 1617 21 1422 1618 22 86 1619 34 88 1620 33 1423 1621 48 89 1622 27 91 1623 26 1424 1624 41 92 1625 35 94 1626 34 1425 1627 49 95 1628 28 97 1629 27 1426 1630 42 98 1631 28 102 1632 43 1427 1633 44 103 1634 21 105 1635 36 1428 1636 37 106 1637 29 108 1638 44 1429 1639 45 109 1640 22 111 1641 37 1430 1642 38 112 1643 31 114 1644 30 1431 1645 45 114 1646 23 116 1647 38 1432 1648 39 117 1649 32 119 1650 31 1433 1651 46 120 1652 24 122 1653 39 1434 1654 40 123 1655 33 125 1656 32 1435 1657 47 126 1658 25 128 1659 40 1436 1660 41 128 1661 46 130 1662 45 1437 1663 60 131 1664 38 133 1665 53 1438 1666 54 134 1667 46 136 1668 61 1439 1669 62 137 1670 40 139 1671 39 1440 1672 54 140 1673 48 142 1674 47 1441 1675 62 143 1676 40 145 1677 55 1442 1678 56 146 1679 49 148 1680 48 1443 1681 63 149 1682 42 151 1683 41 1444 1684 56 152 1685 50 154 1686 49 1445 1687 64 155 1688 43 157 1689 42 1446 1690 57 158 1691 43 162 1692 58 1447 1693 59 163 1694 36 165 1695 51 1448 1696 52 166 1697 44 168 1698 59 1449 1699 60 169 1700 37 171 1701 52 1450 1702 53 172 1703 64 174 1704 79 1451 1705 80 175 1706 58 177 1707 57 1452 1708 72 178 1709 58 182 1710 73 1453 1711 74 183 1712 52 185 1713 51 1454 1714 66 186 1715 59 188 1716 74 1455 1717 75 189 1718 53 191 1719 52 1456 1720 67 192 1721 61 193 1722 60 1457 1723 75 194 1724 53 196 1725 68 1458 1726 69 197 1727 61 199 1728 76 1459 1729 77 200 1730 55 202 1731 54 1460 1732 69 203 1733 63 205 1734 62 1461 1735 77 206 1736 55 208 1737 70 1462 1738 71 209 1739 63 211 1740 78 211 1741 79 212 1742 57 214 1743 56 1463 1744 71 215 1745 68 217 1746 84 1464 1747 85 218 1748 76 220 1749 92 1465 1750 93 221 1751 70 223 1752 69 1466 1753 85 224 1754 78 226 1755 77 1467 1756 93 227 1757 70 229 1758 86 1468 1759 87 230 1760 79 232 1761 78 1469 1762 94 233 1763 72 235 1764 71 1470 1765 87 236 1766 80 238 1767 79 1471 1768 95 239 1769 73 241 1770 72 1472 1771 88 241 1772 73 245 1773 89 1473 1774 90 245 1775 66 247 1776 82 1474 1777 83 248 1778 74 250 1779 90 1475 1780 91 251 1781 67 253 1782 83 1476 1783 84 254 1784 76 256 1785 75 1477 1786 91 257 1787 89 259 1788 88 1478 1789 103 260 1790 89 264 1791 104 1479 1792 105 265 1793 82 267 1794 97 1480 1795 98 268 1796 90 270 1797 105 1481 1798 106 271 1799 84 273 1800 83 1482 1801 98 274 1802 92 276 1803 91 1483 1804 106 277 1805 84 279 1806 99 1484 1807 100 280 1808 92 282 1809 107 1485 1810 108 283 1811 86 285 1812 85 1486 1813 100 286 1814 94 288 1815 93 1487 1816 108 289 1817 86 291 1818 101 1488 1819 102 292 1820 94 294 1821 109 1489 1822 110 295 1823 88 297 1824 87 1490 1825 102 298 1826 95 300 1827 110 1491 1828 111 301 1829 107 303 1830 122 1492 1831 123 304 1832 101 306 1833 100 1493 1834 115 307 1835 109 309 1836 108 1494 1837 123 310 1838 101 312 1839 116 1495 1840 117 313 1841 110 315 1842 109 1496 1843 124 316 1844 103 318 1845 102 1497 1846 117 319 1847 110 321 1848 125 1498 1849 126 322 1850 104 324 1851 103 1499 1852 118 325 1853 104 329 1854 119 1500 1855 120 330 1856 97 332 1857 112 1501 1858 113 333 1859 105 335 1860 120 1502 1861 121 336 1862 98 338 1863 113 1503 1864 114 339 1865 107 341 1866 106 1504 1867 121 342 1868 99 344 1869 114 1505 1870 115 345 1871 119 349 1872 134 1506 1873 135 350 1874 113 352 1875 112 1507 1876 127 353 1877 120 355 1878 135 1508 1879 136 356 1880 114 358 1881 113 1509 1882 128 359 1883 122 361 1884 121 1510 1885 136 362 1886 114 364 1887 129 1511 1888 130 365 1889 122 367 1890 137 1512 1891 138 368 1892 116 370 1893 115 1513 1894 130 371 1895 124 373 1896 123 1514 1897 138 374 1898 116 376 1899 131 1515 1900 132 377 1901 124 379 1902 139 1516 1903 140 380 1904 118 382 1905 117 1517 1906 132 383 1907 125 385 1908 140 1518 1909 141 386 1910 119 388 1911 118 1519 1912 133 389 1913 131 391 1914 130 1520 1915 145 392 1916 139 394 1917 138 1521 1918 153 395 1919 131 397 1920 146 1522 1921 147 398 1922 140 400 1923 139 1523 1924 154 401 1925 133 403 1926 132 1524 1927 147 404 1928 140 406 1929 155 1525 1930 156 407 1931 134 409 1932 133 1526 1933 148 409 1934 134 413 1935 149 1527 1936 150 413 1937 127 415 1938 142 1528 1939 143 416 1940 135 418 1941 150 1529 1942 151 419 1943 128 421 1944 143 1530 1945 144 422 1946 137 424 1947 136 1531 1948 151 425 1949 129 427 1950 144 1532 1951 145 428 1952 137 430 1953 152 1533 1954 153 431 1955 149 433 1956 164 1534 1957 165 434 1958 142 436 1959 157 1535 1960 158 437 1961 150 439 1962 165 1536 1963 166 440 1964 143 442 1965 158 1537 1966 159 443 1967 152 445 1968 151 1538 1969 166 446 1970 144 448 1971 159 1539 1972 160 449 1973 152 451 1974 167 1540 1975 168 452 1976 146 454 1977 145 1541 1978 160 455 1979 154 457 1980 153 1542 1981 168 458 1982 146 460 1983 161 1543 1984 162 461 1985 155 463 1986 154 1544 1987 169 464 1988 148 466 1989 147 1545 1990 162 467 1991 156 469 1992 155 1546 1993 170 470 1994 149 472 1995 148 1547 1996 163 473 1997 169 477 1998 168 1548 1999 183 478 2000 161 480 2001 176 1549 2002 177 481 2003 170 483 2004 169 1550 2005 184 484 2006 163 486 2007 162 1551 2008 177 487 2009 171 489 2010 170 1552 2011 185 490 2012 164 492 2013 163 1553 2014 178 493 2015 164 497 2016 179 1554 2017 180 498 2018 157 500 2019 172 1555 2020 173 501 2021 165 503 2022 180 1556 2023 181 504 2024 158 506 2025 173 1557 2026 174 507 2027 167 509 2028 166 1558 2029 181 510 2030 159 512 2031 174 1559 2032 175 513 2033 167 515 2034 182 1560 2035 183 516 2036 161 518 2037 160 1561 2038 175 519 2039 180 521 2040 195 1562 2041 196 522 2042 174 524 2043 173 1563 2044 188 525 2045 182 527 2046 181 1564 2047 196 528 2048 174 530 2049 189 1565 2050 190 531 2051 182 533 2052 197 1566 2053 198 534 2054 176 536 2055 175 1567 2056 190 537 2057 184 539 2058 183 1568 2059 198 540 2060 176 542 2061 191 1569 2062 192 543 2063 184 545 2064 199 1570 2065 200 546 2066 178 548 2067 177 1571 2068 192 549 2069 185 551 2070 200 1572 2071 201 552 2072 179 554 2073 178 1573 2074 193 555 2075 179 559 2076 194 1574 2077 195 560 2078 173 562 2079 172 1575 2080 187 563 2081 200 565 2082 199 1576 2083 214 566 2084 193 568 2085 192 1577 2086 207 569 2087 201 571 2088 200 1578 2089 215 572 2090 194 574 2091 193 1579 2092 208 575 2093 194 579 2094 209 1580 2095 210 580 2096 187 582 2097 202 1581 2098 203 583 2099 195 585 2100 210 1582 2101 211 586 2102 188 588 2103 203 1583 2104 204 589 2105 197 591 2106 196 1584 2107 211 592 2108 189 594 2109 204 1585 2110 205 595 2111 197 597 2112 212 1586 2113 213 598 2114 191 600 2115 190 1587 2116 205 601 2117 199 603 2118 198 1588 2119 213 604 2120 191 606 2121 206 1589 2122 207 607 2123 203 609 2124 218 1590 2125 219 610 2126 212 612 2127 211 1591 2128 226 613 2129 204 615 2130 219 1592 2131 220 616 2132 212 618 2133 227 1593 2134 228 619 2135 206 621 2136 205 1594 2137 220 622 2138 214 624 2139 213 1595 2140 228 625 2141 206 627 2142 221 1596 2143 222 628 2144 215 630 2145 214 1597 2146 229 631 2147 208 633 2148 207 1598 2149 222 634 2150 216 636 2151 215 1599 2152 230 637 2153 209 639 2154 208 1600 2155 223 640 2156 209 644 2157 224 1601 2158 225 645 2159 202 647 2160 217 1602 2161 218 648 2162 210 650 2163 225 1603 2164 226 651 2165 223 653 2166 222 1604 2167 237 654 2168 230 656 2169 245 1605 2170 246 657 2171 224 659 2172 223 1606 2173 238 660 2174 224 664 2175 239 1607 2176 240 665 2177 218 667 2178 217 1608 2179 232 668 2180 225 670 2181 240 1609 2182 241 671 2183 218 673 2184 233 1610 2185 234 674 2186 227 676 2187 226 1611 2188 241 677 2189 219 679 2190 234 1612 2191 235 680 2192 227 682 2193 242 1613 2194 243 683 2195 221 685 2196 220 1614 2197 235 686 2198 229 688 2199 228 1615 2200 243 689 2201 221 691 2202 236 1616 2203 237 692 2204 230 694 2205 229 1617 2206 244 695 2207 242 697 2208 241 1618 2209 256 698 2210 234 700 2211 249 1619 2212 250 701 2213 242 703 2214 257 1620 2215 258 704 2216 236 706 2217 235 1621 2218 250 707 2219 244 709 2220 243 1622 2221 258 710 2222 236 712 2223 251 1623 2224 252 713 2225 244 715 2226 259 1624 2227 260 716 2228 238 718 2229 237 1625 2230 252 719 2231 245 721 2232 260 1626 2233 261 722 2234 239 724 2235 238 1627 2236 253 725 2237 239 729 2238 254 1628 2239 255 730 2240 233 732 2241 232 1629 2242 247 733 2243 240 735 2244 255 1630 2245 256 736 2246 234 738 2247 233 1631 2248 248 739 2249 260 741 2250 275 1632 2251 276 742 2252 254 744 2253 253 1633 2254 268 745 2255 254 749 2256 269 1634 2257 270 750 2258 248 752 2259 247 1635 2260 262 753 2261 255 755 2262 270 1636 2263 271 756 2264 248 758 2265 263 1637 2266 264 759 2267 257 761 2268 256 1638 2269 271 762 2270 249 764 2271 264 1639 2272 265 765 2273 257 767 2274 272 1640 2275 273 768 2276 251 770 2277 250 1641 2278 265 771 2279 259 773 2280 258 1642 2281 273 774 2282 251 776 2283 266 1643 2284 267 777 2285 260 779 2286 259 1644 2287 274 780 2288 253 782 2289 252 1645 2290 267 783 2291 264 785 2292 279 1646 2293 280 786 2294 272 788 2295 287 1647 2296 288 789 2297 266 791 2298 265 1648 2299 280 792 2300 274 794 2301 273 1649 2302 288 795 2303 266 797 2304 281 1650 2305 282 798 2306 274 800 2307 289 1651 2308 290 801 2309 268 803 2310 267 1652 2311 282 804 2312 275 806 2313 290 1653 2314 291 807 2315 269 809 2316 268 1654 2317 283 810 2318 269 814 2319 284 1655 2320 285 815 2321 262 817 2322 277 1656 2323 278 818 2324 270 820 2325 285 1657 2326 286 821 2327 263 823 2328 278 1658 2329 279 824 2330 272 826 2331 271 1659 2332 286 827 2333 284 829 2334 283 1660 2335 298 830 2336 284 834 2337 299 1661 2338 300 835 2339 277 837 2340 292 1662 2341 293 838 2342 285 840 2343 300 1663 2344 301 841 2345 279 843 2346 278 1664 2347 293 844 2348 287 846 2349 286 1665 2350 301 847 2351 279 849 2352 294 1666 2353 295 850 2354 287 852 2355 302 1667 2356 303 853 2357 281 855 2358 280 1668 2359 295 856 2360 289 858 2361 288 1669 2362 303 859 2363 281 861 2364 296 1670 2365 297 862 2366 289 864 2367 304 1671 2368 305 865 2369 283 867 2370 282 1672 2371 297 868 2372 291 870 2373 290 1673 2374 305 871 2375 302 873 2376 318 1674 2377 319 874 2378 296 876 2379 295 1675 2380 311 877 2381 304 879 2382 303 1676 2383 319 880 2384 296 882 2385 312 1677 2386 313 883 2387 304 885 2388 320 1678 2389 321 886 2390 298 888 2391 297 1679 2392 313 889 2393 305 891 2394 321 1680 2395 322 892 2396 299 894 2397 298 1681 2398 314 894 2399 299 898 2400 315 1682 2401 316 898 2402 293 900 2403 292 1683 2404 308 901 2405 300 903 2406 316 1684 2407 317 904 2408 294 906 2409 293 1685 2410 309 907 2411 302 909 2412 301 1686 2413 317 910 2414 294 912 2415 310 1687 2416 311 913 2417 315 916 2418 330 1688 2419 331 917 2420 308 919 2421 323 1689 2422 324 920 2423 316 922 2424 331 1690 2425 332 923 2426 309 925 2427 324 1691 2428 325 926 2429 318 928 2430 317 1692 2431 332 929 2432 310 931 2433 325 1693 2434 326 932 2435 318 934 2436 333 1694 2437 334 935 2438 312 937 2439 311 1695 2440 326 938 2441 320 940 2442 319 1696 2443 334 941 2444 312 943 2445 327 1697 2446 328 944 2447 320 946 2448 335 1698 2449 336 947 2450 314 949 2451 313 1699 2452 328 950 2453 322 952 2454 321 1700 2455 336 953 2456 315 955 2457 314 1701 2458 329 956 2459 335 959 2460 334 1702 2461 349 960 2462 327 962 2463 342 1703 2464 343 963 2465 335 965 2466 350 1704 2467 351 966 2468 329 968 2469 328 1705 2470 343 969 2471 337 971 2472 336 1706 2473 351 972 2474 330 974 2475 329 1707 2476 344 974 2477 330 978 2478 345 1708 2479 346 978 2480 323 980 2481 338 1709 2482 339 981 2483 331 983 2484 346 1710 2485 347 984 2486 325 986 2487 324 1711 2488 339 987 2489 333 989 2490 332 1712 2491 347 990 2492 325 992 2493 340 1713 2494 341 993 2495 333 995 2496 348 1714 2497 349 996 2498 327 998 2499 326 1715 2500 341 999 2501 338 1001 2502 353 1716 2503 354 1002 2504 346 1004 2505 361 1717 2506 362 1005 2507 340 1007 2508 339 1718 2509 354 1008 2510 348 1010 2511 347 1719 2512 362 1011 2513 340 1013 2514 355 1720 2515 356 1014 2516 348 1016 2517 363 1721 2518 364 1017 2519 342 1019 2520 341 1722 2521 356 1020 2522 350 1022 2523 349 1723 2524 364 1023 2525 342 1025 2526 357 1724 2527 358 1026 2528 350 1028 2529 365 1725 2530 366 1029 2531 344 1031 2532 343 1726 2533 358 1032 2534 352 1034 2535 351 1727 2536 366 1035 2537 345 1037 2538 344 1728 2539 359 1037 2540 345 1041 2541 360 1729 2542 361 1041 2543 357 1043 2544 372 1730 2545 373 1044 2546 365 1046 2547 380 1731 2548 381 1047 2549 359 1049 2550 358 1732 2551 373 1050 2552 366 1052 2553 381 1733 2554 382 1053 2555 360 1055 2556 359 1734 2557 374 1056 2558 360 1060 2559 375 1735 2560 376 1061 2561 354 1063 2562 353 1736 2563 368 1064 2564 361 1066 2565 376 1737 2566 377 1067 2567 355 1069 2568 354 1738 2569 369 1070 2570 363 1072 2571 362 1739 2572 377 1073 2573 355 1075 2574 370 1740 2575 371 1076 2576 363 1078 2577 378 1741 2578 379 1079 2579 357 1081 2580 356 1742 2581 371 1082 2582 365 1084 2583 364 1743 2584 379 1085 2585 376 1087 2586 391 1744 2587 392 1088 2588 370 1090 2589 369 1745 2590 384 1091 2591 378 1093 2592 377 1746 2593 392 1094 2594 370 1096 2595 385 1747 2596 386 1097 2597 378 1099 2598 393 1748 2599 394 1100 2600 372 1102 2601 371 1749 2602 386 1103 2603 380 1105 2604 379 1750 2605 394 1106 2606 372 1108 2607 387 1751 2608 388 1109 2609 380 1111 2610 395 1752 2611 396 1112 2612 374 1114 2613 373 1753 2614 388 1115 2615 381 1117 2616 396 1754 2617 397 1118 2618 375 1120 2619 374 1755 2620 389 1121 2621 375 1125 2622 390 1756 2623 391 1126 2624 369 1128 2625 368 1757 2626 383 1129 2627 395 1131 2628 410 1758 2629 411 1132 2630 389 1134 2631 388 1759 2632 403 1135 2633 397 1137 2634 396 1760 2635 411 1138 2636 390 1140 2637 389 1761 2638 404 1141 2639 390 1145 2640 405 1762 2641 406 1146 2642 383 1148 2643 398 1763 2644 399 1149 2645 391 1151 2646 406 1764 2647 407 1152 2648 385 1154 2649 384 1765 2650 399 1155 2651 393 1157 2652 392 1766 2653 407 1158 2654 385 1160 2655 400 1767 2656 401 1161 2657 393 1163 2658 408 1768 2659 409 1164 2660 387 1166 2661 386 1769 2662 401 1167 2663 395 1169 2664 394 1770 2665 409 1170 2666 387 1172 2667 402 1771 2668 403 1173 2669 400 1175 2670 399 1772 2671 414 1176 2672 408 1178 2673 407 1773 2674 422 1179 2675 400 1181 2676 415 1774 2677 416 1182 2678 408 1184 2679 423 1775 2680 424 1185 2681 402 1187 2682 401 1776 2683 416 1188 2684 410 1190 2685 409 1777 2686 424 1191 2687 402 1193 2688 417 1778 2689 418 1194 2690 410 1196 2691 425 1779 2692 426 1197 2693 404 1199 2694 403 1780 2695 418 1200 2696 411 1202 2697 426 1781 2698 427 1203 2699 405 1205 2700 404 1782 2701 419 1206 2702 405 1210 2703 420 1783 2704 421 1211 2705 398 1213 2706 413 1784 2707 414 1214 2708 406 1216 2709 421 1785 2710 422 1217 2711 419 1219 2712 418 1786 2713 433 1220 2714 427 1222 2715 426 1787 2716 441 1223 2717 420 1225 2718 419 1788 2719 434 1226 2720 420 1230 2721 435 1789 2722 436 1231 2723 413 1233 2724 428 1790 2725 429 1234 2726 421 1236 2727 436 1791 2728 437 1237 2729 415 1239 2730 414 1792 2731 429 1240 2732 423 1242 2733 422 1793 2734 437 1243 2735 415 1245 2736 430 1794 2737 431 1246 2738 423 1248 2739 438 1795 2740 439 1249 2741 417 1251 2742 416 1796 2743 431 1252 2744 425 1254 2745 424 1797 2746 439 1255 2747 417 1257 2748 432 1798 2749 433 1258 2750 425 1260 2751 440 1799 2752 441 1261 2753 438 1263 2754 437 1800 2755 452 1264 2756 430 1266 2757 445 1801 2758 446 1267 2759 438 1269 2760 453 1802 2761 454 1270 2762 432 1272 2763 431 1803 2764 446 1273 2765 440 1275 2766 439 1804 2767 454 1276 2768 432 1278 2769 447 1805 2770 448 1279 2771 440 1281 2772 455 1806 2773 456 1282 2774 434 1284 2775 433 1807 2776 448 1285 2777 441 1287 2778 456 1808 2779 457 1288 2780 435 1290 2781 434 1809 2782 449 1291 2783 435 1295 2784 450 1810 2785 451 1296 2786 429 1298 2787 428 1811 2788 443 1299 2789 436 1301 2790 451 1812 2791 452 1302 2792 430 1304 2793 429 1813 2794 444 1305 2795 457 1307 2796 456 1814 2797 471 1308 2798 450 1310 2799 449 1815 2800 464 1311 2801 450 1315 2802 465 1816 2803 466 1316 2804 443 1318 2805 458 1817 2806 459 1319 2807 451 1321 2808 466 1818 2809 467 1322 2810 445 1324 2811 444 1819 2812 459 1325 2813 453 1327 2814 452 1820 2815 467 1328 2816 445 1330 2817 460 1821 2818 461 1331 2819 453 1333 2820 468 1822 2821 469 1334 2822 447 1336 2823 446 1823 2824 461 1337 2825 455 1339 2826 454 1824 2827 469 1340 2828 447 1342 2829 462 1825 2830 463 1343 2831 455 1345 2832 470 1826 2833 471 1346 2834 449 1348 2835 448 1827 2836 463 1349 2837 468 1351 2838 5 1828 2839 478 1352 2840 462 1354 2841 461 1829 2842 475 1355 2843 470 1357 2844 469 1830 2845 478 1358 2846 463 1360 2847 462 1831 2848 1 1361 2849 470 1363 2850 479 1832 2851 480 1364 2852 464 1366 2853 463 1833 2854 476 1367 2855 471 1369 2856 480 1834 2857 481 1370 2858 465 1372 2859 464 1835 2860 2 1373 2861 465 1377 2862 3 1836 2863 4 1378 2864 458 1380 2865 473 1837 2866 474 1381 2867 466 1383 2868 4 1838 2869 477 1384 2870 460 1386 2871 459 1839 2872 474 1387 2873 467 1389 2874 477 1840 2875 5 1390 2876 461 1392 2877 460 1841 2878 0 1393 2879</p>
        </triangles>
      </mesh>
    </geometry>
  </library_geometries>
  <library_visual_scenes>
    <visual_scene id="Scene" name="Scene">
      <node id="Sphere" name="Sphere" type="NODE">
        <matrix sid="transform">1 0 0 0 0 1 1.62921e-7 0 0 -1.62921e-7 1 0 0 0 0 1</matrix>
        <instance_geometry url="#Sphere-mesh" name="Sphere">
          <bind_material>
            <technique_common>
              <instance_material symbol="Material_002-material" target="#Material_002-material">
                <bind_vertex_input semantic="UVMap" input_semantic="TEXCOORD" input_set="0"/>
              </instance_material>
            </technique_common>
          </bind_material>
        </instance_geometry>
      </node>
    </visual_scene>
  </library_visual_scenes>
  <scene>
    <instance_visual_scene url="#Scene"/>
  </scene>
</COLLADA>